Attribute1;Attribute2;Attribute3;Attribute4;Attribute5;Attribute6;Attribute7;Attribute8;Attribute9;Attribute10;Attribute11;Attribute12;Attribute13;Attribute14;Attribute15;Attribute16;Attribute17;Attribute18;Attribute19;Attribute20;Attribute21;Attribute22;Attribute23;Attribute24;Attribute25;Attribute26;Attribute27;Attribute28;Attribute29;Attribute30;Attribute31;Attribute32;Attribute33;Attribute34;Class
1000.0;0;0.99539;-59.18445;0.85243;0.02306;1667.96;-0.37708;1.0;0.0376;0.85243;-0.17755;0.59755;-0.44945;1553.95912;-0.38223;0.84356;-0.38542;0.58212;-175.76832;0.56971;-16716.55116;0.36946;-0.47357;;-0.51171;1456.2151;-0.46168;0.21266;-420.6706;0.42267;-0.54487;0.18641;-0.453;good
1000.0;0;1.0;-189.23145000000002;0.93035;-0.36156;-217.35999999999999;-0.93597;1.0;-0.04549;0.50874;-0.67743;0.34432;-0.69707;-1326.75395;-0.97515;0.05499;-0.62237;0.33109;-546.0;-0.13151;-25519.302;-0.18056;-0.35734;-9.1494;-0.26569;-725.5906;-0.18401;-0.1904;-143.05762000000001;-0.16626;-0.06288;-0.13738;-0.02447;bad
1000.0;0;1.0;-33.81825;1.0;0.00485;2000.0;-0.12062;0.88965;0.01198;0.73082;0.05346;0.85443;0.00827;1401.35097;0.00299;0.83775;-0.13644;0.75535;-46.6284;0.70887;-15492.97668;0.43385;-0.12062;25.8876;-0.4022;2090.9828;-0.22145;0.431;-214.2841;0.60436;-0.2418;0.56045;-0.38238;good
1000.0;0;1.0;-453.86805000000004;1.0;1.0;1424.32;-1.0;0.0;0.0;0.0;0.0;0.0;0.0;;0.14516;0.54094;-0.3933;-1.0;-297.38982;-0.69975;56334.0;0.0;0.0;45.0;0.90695;1829.68085;1.0;1.0;-248.02166;0.25682;1.0;-0.32382;1.0;bad
1000.0;0;1.0;-24.13005;0.9414;0.06531;1842.12;-0.23255;0.77152;-0.16399;0.52798;-0.20275;0.56409;-0.00712;;-0.27457;0.5294;-0.2178;0.45107;-97.25898000000001;0.05982;-20040.8205;0.02309;-0.52879;1.4787;-0.65158;471.1305;-0.53206;0.02431;-767.51098;-0.05707;-0.59573;-0.04608;-0.65697;good
1000.0;0;0.02337;-5.9496;-0.09924;-0.11949;-15.26;-0.11824;0.14706;0.06637;0.03786;-0.06302;0.0;0.0;;-0.1554;-0.00343;-0.10196;-0.11575;-29.56044;0.01838;2066.89446;0.01519;0.00888;;-0.01535;-114.85799999999999;0.09223;-0.07859;9.03288;0.0;0.0;-0.00039;0.12011;bad
1000.0;0;0.97588;-106.5501;0.94601;-0.208;1856.12;-0.2835;0.85996;-0.27342;0.79766;-0.47929;0.78225;-0.50764;;-0.61436;0.57945;-0.68086;0.37852;-402.07986;0.36324;-43130.437079999996;0.31898;-0.79753;;-0.81634;484.21155;-0.8251;0.04606;-1016.7543;-0.04262;-0.81318;-0.13832;-0.80975;good
;0;0.0;0.0;0.0;0.0;;-1.0;0.0;0.0;-1.0;-1.0;0.0;0.0;0.0;0.0;1.0;1.0;-1.0;-546.0;0.0;0.0;0.0;0.0;;1.0;3545.0;1.0;0.0;0.0;1.0;1.0;0.0;0.0;bad
;0;0.96355;-72.3399;1.0;-0.14333;2000.0;-0.21313;1.0;-0.36174;0.9257;-0.43569;0.9451;-0.40668;;-0.46381;0.98305;-0.35257;0.84537;-360.4692;0.75346;-34132.20726;0.69637;-0.64225;;-0.6544;2041.10465;-0.69712;0.25435;-788.7604600000001;0.45114;-0.72779;0.38895;-0.7342;good
;0;-0.01864;-85.01295;0.0;0.0;;0.0;0.1147;-0.2681;-0.45663;-0.38172;0.0;0.0;-863.9495200000001;0.38602;-0.37133;0.15018;0.63728;120.7479;0.0;0.0;0.0;0.0;-6.66135;-0.01326;731.86525;-0.02294;0.0;0.0;0.16595;0.24086;-0.08208;0.38065;bad
1000.0;0;1.0;66.88275;1.0;-0.18388;2000.0;-0.2732;1.0;-0.43107;1.0;-0.41349;0.96232;-0.51874;2328.55137;-0.59017;0.8923;-0.66474;0.69876;-387.64362;0.70645;-42994.1088;0.63081;-0.80544;25.14015;-0.89128;1673.62995;-0.865;0.40303;-1032.5495;0.30996;-0.89093;0.22995;-0.89158;good
1000.0;0;1.0;-544.8105;1.0;-1.0;2000.0;-1.0;1.0;0.36217;1.0;-0.41119;1.0;1.0;2567.0;-1.0;1.0;-0.29354;1.0;-511.05054;1.0;56334.0;1.0;1.0;45.0;-0.40888;3545.0;-0.62745;1.0;-1234.0;1.0;-1.0;1.0;-1.0;bad
;0;1.0;-163.9758;1.0;-0.10169;1999.98;-0.15197;1.0;-0.19277;0.94055;-0.35151;0.95735;-0.29785;2405.76673;-0.34412;0.94486;-0.28106;0.90137;-236.87118;0.86043;-26650.48872;0.82987;-0.5122;37.836;-0.47137;2702.1408;-0.5837;0.65723;-848.91796;0.68714;-0.64537;0.64727;-0.67226;good
;0;1.0;-871.3450499999999;1.0;0.2228;;-0.39896;1.0;-0.1209;1.0;0.35147;1.0;0.07772;2567.0;-0.14767;1.0;-1.0;1.0;-546.0;0.61831;8902.46202;1.0;0.62349;45.0;-0.17012;3545.0;0.35924;1.0;-820.5359599999999;1.0;0.88428;1.0;-0.18826;bad
1000.0;0;1.0;74.16900000000001;1.0;0.0342;2000.0;-0.05563;1.0;0.08764;1.0;0.19651;1.0;0.20328;2567.0;0.12785;1.0;0.10561;1.0;147.89502;1.0;25213.971719999998;1.0;0.4175;;0.20033;3545.0;0.36743;0.95603;600.22994;1.0;0.32492;1.0;0.46712;good
1000.0;0;;-944.6598;1.0;0.26708;-70.4;-1.0;1.0;-1.0;0.43685;-1.0;0.0;0.0;-2567.0;-0.34265;-0.37681;0.03623;1.0;-546.0;0.0;0.0;0.0;0.0;;0.92236;1409.2084;0.26501;0.0;0.0;1.0;0.23188;0.0;0.0;bad
;0;0.99645;65.0034;1.0;-0.01236;;0.02498;0.96112;0.02312;0.99274;0.07808;0.89323;0.10346;2418.42204;0.05269;0.88809;0.1112;0.86104;47.12526;0.81633;6664.3122;0.83668;0.14442;36.59805;0.13412;2817.4242;0.13638;0.7911;189.77686;0.77122;0.1593;0.70941;0.12015;good
0.0;0;0.0;0.0;-1.0;-1.0;2000.0;1.0;-1.0;1.0;-1.0;1.0;1.0;-1.0;;1.0;-1.0;-1.0;-1.0;546.0;1.0;-56334.0;-1.0;1.0;-45.0;1.0;3545.0;-1.0;-1.0;1234.0;-1.0;-1.0;1.0;-1.0;bad
1000.0;0;0.67065;25.4064;0.66626;0.05031;1143.94;0.18761;0.08776;0.34081;0.63621;0.12131;0.62099;0.14285;2018.61179;0.10976;0.58373;0.18151;0.14395;225.08304;0.53888;12013.788840000001;0.5142;0.22625;21.9771;0.23724;1636.6201500000002;0.24618;0.43433;312.27604;0.40663;0.25792;1.0;0.33036;good
;0;1.0;-1005.0;0.0;0.0;0.0;0.0;1.0;1.0;1.0;-1.0;-0.71875;1.0;0.0;0.0;-1.0;1.0;1.0;546.0;-1.0;56334.0;1.0;0.5625;-45.0;1.0;3545.0;1.0;1.0;-1234.0;1.0;1.0;1.0;1.0;bad
;0;1.0;-6.1506;1.0;-0.09834;2000.0;-0.07649;1.0;-0.10605;1.0;-0.11073;1.0;-0.39489;;-0.15616;0.92124;-0.31884;0.86473;-188.55563999999998;0.91693;-24827.52048;0.9606;-0.46866;36.8433;-0.40372;2931.04145;-0.42231;0.75784;-471.77054;0.80448;-0.40575;0.74354;-0.45039;good
0.0;0;1.0;1005.0;0.0;0.0;0.0;0.0;-1.0;-1.0;0.0;0.0;0.0;0.0;;-1.0;-1.0;-1.0;-1.0;546.0;-1.0;56334.0;0.0;0.0;0.0;0.0;3545.0;-1.0;-1.0;1234.0;-1.0;1.0;-1.0;1.0;
;0;0.96071;71.2344;1.0;0.04296;2000.0;0.09313;0.90169;-0.05144;0.89263;0.0258;0.8325;-0.06142;2246.99778;0.09831;0.76544;0.0028;0.75206;-28.9107;0.65961;-4453.2027;0.64158;-0.05929;25.05465;-0.07705;2057.90795;-0.02205;0.49664;-15.43734;;-0.00015;0.52099;-0.00182;good
0.0;0;-1.0;1005.0;0.0;0.0;0.0;0.0;-1.0;1.0;1.0;1.0;0.0;0.0;0.0;0.0;1.0;-1.0;;546.0;1.0;56334.0;0.0;0.0;-45.0;-1.0;3545.0;-1.0;1.0;1234.0;-1.0;1.0;0.0;0.0;bad
1000.0;0;1.0;-62.1291;1.0;0.02942;2000.0;-0.05131;1.0;-0.01707;1.0;-0.11726;0.84493;-0.05202;2397.37264;-0.06598;0.6917;-0.07379;0.65731;-111.20382;0.9491;-17777.88372;0.80852;-0.31654;38.2194;-0.34838;2571.15305;-0.29174;0.73094;-476.02783999999997;0.54356;-0.26284;0.64207;-0.39487;good
1000.0;0;1.0;581.091;1.0;-1.0;2000.0;-1.0;1.0;-1.0;1.0;-1.0;1.0;-1.0;2567.0;-1.0;1.0;-1.0;1.0;-546.0;1.0;-35375.49864;1.0;-1.0;45.0;-1.0;3545.0;-1.0;1.0;-1234.0;;-1.0;1.0;-1.0;bad
1000.0;0;1.0;-87.5757;1.0;-0.17263;1732.6999999999998;-0.81779;0.94817;0.61053;0.95473;-0.41382;0.88486;-0.31736;;-0.23433;0.81051;-0.6218;0.12245;-546.0;0.90284;6226.59702;0.62357;-0.78547;24.92505;-0.82868;1706.4212;-0.86583;0.4065;-1106.57716;;-0.92128;-0.13341;-1.0;
0.0;0;-1.0;-1005.0;0.0;0.0;-2000.0;1.0;1.0;-0.375;0.0;0.0;0.0;0.0;0.0;0.0;1.0;-1.0;-1.0;-546.0;1.0;-56334.0;0.0;0.0;45.0;-1.0;-3545.0;1.0;-1.0;-1234.0;0.0;0.0;-1.0;1.0;bad
1000.0;0;1.0;84.219;1.0;0.17387;;-0.13308;0.98172;0.6452;1.0;0.47904;1.0;0.59113;2567.0;0.70758;1.0;0.82777;1.0;519.24054;1.0;56334.0;0.98042;1.0;41.2308;1.0;2974.2195500000003;1.0;0.74822;1234.0;0.64358;1.0;0.52479;1.0;good
0.0;0;;-1005.0;1.0;1.0;2000.0;-1.0;-1.0;1.0;1.0;-1.0;-1.0;-1.0;;0.0;1.0;1.0;-1.0;-546.0;1.0;-56334.0;1.0;-1.0;45.0;1.0;3545.0;-1.0;1.0;-1234.0;-1.0;1.0;1.0;-1.0;bad
;0;;-143.0718;1.0;-0.16256;2000.0;-0.23656;1.0;-0.07514;1.0;-0.2501;1.0;-0.26161;;-0.21975;1.0;-0.38606;1.0;-252.04451999999998;1.0;-20009.27346;1.0;-0.59661;45.0;-0.47643;3503.169;-0.49687;1.0;-935.6188;1.0;-0.75761;1.0;-0.84437;good
;0;1.0;-1005.0;1.0;1.0;;-1.0;1.0;-1.0;1.0;-1.0;1.0;-0.0184;2567.0;-1.0;1.0;1.0;1.0;-467.28318;1.0;56334.0;1.0;-1.0;0.0;0.0;3545.0;1.0;1.0;-976.59994;;1.0;1.0;1.0;bad
1000.0;0;;-147.12195;0.93408;-0.11057;1842.0;-0.1645;0.88307;-0.17036;0.88462;-0.31809;0.85269;-0.31463;2107.91772;-0.35924;0.80681;-0.33632;0.75243;-256.74012;0.70555;-26563.17102;0.6615;-0.50085;;-0.48086;2013.7018;-0.54629;0.50179;-738.59836;0.47075;-0.57377;0.42189;-0.58086;good
1000.0;0;;-26.07975;0.41287;-0.23067;1960.38;-0.09473;0.99709;-0.10236;1.0;-0.10951;0.58965;1.0;2149.24642;-1.0;0.8227;-0.17863;0.8076;-154.28322;-0.25914;52238.5182;0.51933;0.05456;;-0.20392;3301.2457999999997;-0.41307;0.63811;-270.25834000000003;;-0.87354;-0.23186;-1.0;bad
1000.0;0;1.0;-159.78494999999998;0.72314;0.27686;1668.86;-0.58388;1.0;-0.28207;1.0;-0.49863;0.79962;-0.12527;1972.40579;0.14638;1.0;0.39337;1.0;145.18140000000002;0.96354;-1065.27594;0.92599;-0.91338;45.0;0.14803;3545.0;-0.11582;1.0;-137.33186;1.0;0.53372;1.0;-0.57758;good
;0;0.66161;-1005.0;1.0;1.0;2000.0;-0.67321;0.80893;-0.40446;1.0;-1.0;1.0;-0.89375;2567.0;0.73393;0.17589;0.70982;1.0;426.07656000000003;1.0;48034.87512;1.0;-1.0;45.0;0.85357;3545.0;-0.08571;0.95982;-447.325;;0.65268;1.0;0.34732;bad
;0;1.0;4.351649999999999;1.0;-0.01209;2000.0;-0.0296;1.0;-0.07014;0.97839;-0.06256;1.0;-0.06544;;-0.07917;0.92561;-0.13665;0.94184;-78.22542;0.99589;-8026.46832;0.94815;-0.13565;;-0.20851;3157.42515;-0.17909;0.85644;-228.93168;0.83777;-0.20101;0.83867;-0.20766;good
;0;1.0;1005.0;1.0;-1.0;0.0;0.0;0.0;0.0;-1.0;-1.0;0.0;0.0;0.0;0.0;-1.0;1.0;1.0;546.0;-1.0;56334.0;-1.0;1.0;45.0;-1.0;3545.0;1.0;-1.0;1234.0;1.0;1.0;0.0;0.0;bad
1000.0;0;0.91241;43.68735;0.94191;0.0228;1894.1;0.05345;0.93582;0.01321;0.91911;0.06348;0.92766;0.12067;;0.06211;0.88899;0.12722;0.83744;78.83694;0.80983;6675.01566;0.77041;0.14222;;0.11299;2607.3475000000003;0.13282;0.66387;188.802;0.70925;0.10754;0.65258;0.11447;good
1000.0;0;1.0;24.73305;0.99672;0.04861;1950.9;0.07143;0.61745;-1.0;0.91036;0.11147;0.88462;0.5364;2106.91659;0.14137;0.76929;0.15189;1.0;223.87638;0.6585;9222.43914;0.60138;0.16516;24.500700000000002;0.1639;1732.3351499999999;0.16019;0.43481;190.48024;0.38352;0.14677;1.0;1.0;bad
1000.0;0;1.0;65.70689999999999;1.0;0.20746;2000.0;0.26281;0.93051;0.32213;0.86773;0.39039;0.75474;0.50082;;0.52321;0.65954;0.60756;0.57619;343.97454000000005;0.47807;37819.8309;0.40553;0.6884;15.4728;0.72082;982.3903999999999;0.72386;0.19296;872.21588;0.11372;0.72688;0.0699;0.71444;
1000.0;0;-1.0;-1005.0;1.0;1.0;2000.0;-0.14375;0.0;0.0;-1.0;1.0;1.0;1.0;459.92939;-1.0;-1.0;-1.0;0.0875;-546.0;1.0;-56334.0;-1.0;1.0;;-1.0;3545.0;-1.0;-1.0;-1234.0;1.0;1.0;0.0;0.0;bad
1000.0;0;0.90932;88.34955000000001;0.86528;0.16888;;0.16598;0.55187;0.68154;0.70207;0.36719;0.16286;0.42739;;0.46086;0.51067;0.49618;0.31639;70.79982000000001;0.37824;30680.62308;0.31274;0.55826;11.1852;0.56527;660.2917;0.56605;0.12635;692.28634;0.06927;0.55061;0.12137;0.67739;good
1000.0;0;-0.64286;-1005.0;1.0;0.82857;2000.0;-1.0;1.0;-0.23393;1.0;0.96161;1.0;-0.37679;;-1.0;1.0;0.13839;1.0;-546.0;1.0;-1911.41262;-0.84286;1.0;24.1875;0.85714;3545.0;1.0;1.0;-1234.0;;-1.0;1.0;-1.0;bad
1000.0;0;0.99025;-58.13925;0.99793;-0.13009;;-0.1943;0.99374;-0.25843;0.92738;-0.3013;0.92651;-0.37965;2305.47404;-0.43796;0.84922;-0.52064;0.87433;-311.6295;0.79016;-33709.70226;0.74725;-0.64615;30.7269;-0.68479;2313.00615;-0.73174;0.6101;-929.8560200000001;0.54752;-0.80278;0.49195;-0.83245;good
0.0;0;0.0;0.0;0.0;0.0;;0.0;1.0;1.0;1.0;1.0;0.0;0.0;0.0;0.0;-0.375;-1.0;-1.0;-546.0;0.0;0.0;0.0;0.0;-45.0;-1.0;-3545.0;-1.0;-1.0;1234.0;1.0;0.0;0.0;0.0;bad
;0;1.0;-37.4865;1.0;-0.07383;1992.02;-0.11039;0.99838;-0.09931;0.98941;-0.13814;0.96674;-0.21695;2446.0429599999998;-0.25099;0.91236;-0.344;0.90581;-175.54992;0.89991;-19542.82794;0.87874;-0.37643;38.795849999999994;-0.4299;2948.4474;-0.43122;0.81433;-525.59762;0.77919;-0.47977;0.75115;-0.50152;good
1000.0;0;0.94598;-26.98425;-1.0;0.26131;-727.8599999999999;0.35639;0.69258;-0.63427;1.0;-0.03353;-0.2902;-0.0055;-1408.05084;0.15452;0.91921;-0.4627;;-275.31504;-0.29735;-17719.29636;-0.73864;0.37361;37.7424;-0.46734;1850.7736;-0.5813;1.0;-757.58962;-0.09634;0.20477;-0.06117;0.41913;bad
1000.0;0;0.98166;8.7837;0.98103;-0.03818;1951.3;-0.05699;0.95947;-0.06971;0.99004;-0.04507;0.94713;-0.11102;2396.7822300000003;-0.1279;0.94217;-0.11583;0.79682;-104.83200000000001;0.88274;-9794.79258;0.86257;-0.18739;39.81915;-0.19689;2900.27085;-0.21136;0.78546;-294.48176;0.76911;-0.23095;0.74323;-0.23902;
1000.0;0;0.0;0.0;1.0;0.51724;;0.0;0.10991;-1.0;0.0;0.0;0.0;0.0;;-0.22414;-0.55711;-0.83297;0.7694;344.78262;0.0;0.0;0.53448;0.35668;-40.6359;0.44828;3545.0;-1.0;-1.0;1006.61082;0.0;0.0;0.0;0.0;bad
;0;0.84134;-184.53810000000001;0.43644;0.02919;;-0.00267;0.87947;0.13795;0.81121;-0.01789;0.88559;0.54991;;-0.57486;0.75;-0.2952;0.86676;-109.76783999999999;1.0;56334.0;0.4661;-0.1629;40.5297;-0.02778;3309.5411;-0.01158;0.61582;-398.55732;0.84463;-0.25706;0.93323;-0.01425;good
0.0;0;1.0;1005.0;1.0;-1.0;0.0;0.0;0.0;0.0;1.0;1.0;1.0;1.0;-2567.0;-1.0;1.0;-1.0;-1.0;546.0;0.0;0.0;1.0;-1.0;45.0;-1.0;3545.0;1.0;-1.0;-1234.0;0.0;0.0;0.0;0.0;bad
;0;1.0;1005.0;1.0;1.0;1820.2;1.0;-0.2697;1.0;-0.83152;1.0;-1.0;1.0;-2567.0;0.72526;-1.0;-0.57779;-1.0;-229.60392000000002;-1.0;-56334.0;-0.52838;-1.0;40.5063;-1.0;3545.0;-1.0;1.0;-1234.0;1.0;-0.34686;1.0;0.34845;good
;0;-0.67935;-1005.0;-1.0;1.0;;0.63317;0.03515;-1.0;-1.0;-1.0;1.0;1.0;2276.4926100000002;-1.0;-1.0;1.0;0.8384;546.0;1.0;-56334.0;-1.0;-1.0;-8.4852;1.0;3545.0;-1.0;-1.0;-1234.0;;1.0;1.0;0.33611;bad
1000.0;0;0.95659;81.83715000000001;0.97487;-0.05667;1943.3;-0.08484;0.96097;-0.06561;0.94717;0.01279;0.95436;-0.16795;2428.69004;-0.19497;0.9963;-0.32268;0.90343;-196.02492;0.91428;-15388.195440000001;0.9014;-0.29807;44.954550000000005;-0.40747;3092.7998;-0.34586;0.92059;-377.83846;0.83951;-0.39061;0.82166;-0.41173;good
;0;0.08333;-207.88425;-1.0;1.0;;1.0;0.71875;0.47173;-0.82143;-0.62723;-1.0;-1.0;-2567.0;1.0;-0.02753;0.59152;;-229.93698;-0.74628;-56334.0;-1.0;-0.46801;-45.0;0.2381;3545.0;-1.0;-1.0;-480.19876;-1.0;-1.0;-1.0;0.61458;bad
1000.0;0;1.0;-22.702949999999998;1.0;-0.04494;2000.0;-0.06682;1.0;-0.08799;1.0;0.56173;1.0;-0.12738;2567.0;-0.14522;1.0;0.32407;1.0;-96.30893999999999;0.99484;-10674.729659999999;0.95601;-0.20081;;-0.92284;3094.076;-0.21793;0.8292;-276.0458;0.78479;-0.22765;0.73992;-0.22981;good
0.0;0;-1.0;1005.0;1.0;-1.0;-2000.0;1.0;0.0;0.0;1.0;1.0;-1.0;-0.1875;;1.0;-1.0;-1.0;1.0;-546.0;-1.0;-56334.0;1.0;1.0;45.0;-1.0;3545.0;1.0;1.0;1234.0;0.0;0.0;-1.0;-1.0;bad
;0;1.0;58.410599999999995;0.94525;0.07418;1999.04;0.13231;1.0;-0.01911;0.94846;0.07033;0.95713;0.14644;;0.11224;0.90896;0.20119;0.96741;88.8069;0.99695;8032.101720000001;0.90784;0.1641;41.25015;0.22431;3134.59535;0.23571;0.88568;277.78574000000003;0.78324;0.29576;0.83574;0.31166;good
1000.0;0;0.17188;-1005.0;-1.0;1.0;;0.0;0.0;0.0;-1.0;1.0;0.0;0.0;-1574.9571799999999;-0.67708;0.80521;0.36146;0.51979;78.4875;0.0;0.0;-1.0;-0.27083;-38.1564;0.9625;3545.0;1.0;-1.0;835.51672;0.0;0.0;0.0;0.0;bad
1000.0;0;1.0;98.19855000000001;1.0;0.12197;2000.0;0.22574;0.98602;0.09237;0.9493;0.19211;0.92992;0.24288;;0.28343;0.85529;0.26721;0.83656;180.88433999999998;0.83393;17856.75132;0.74829;0.39597;;0.34658;2426.6234;0.42746;0.62764;568.02254;0.56791;0.47033;0.54252;0.50903;good
1000.0;0;0.01667;-358.03125;0.0;0.0;0.0;0.0;0.0;0.0;0.0;0.0;0.0;0.0;;-0.55;0.22813;0.82813;1.0;-230.91432;0.0;0.0;0.08333;-1.0;-4.78125;-0.16667;3545.0;-0.76667;-1.0;232.65836000000002;0.0;0.0;1.0;-0.27292;bad
1000.0;0;1.0;168.85004999999998;0.99352;0.16334;;0.33347;0.91759;0.2261;0.91408;0.37107;0.8425;0.46899;2079.55237;0.49225;0.78473;0.48311;;311.09442;0.56553;32713.717139999997;0.55586;0.6472;21.73995;0.55236;1535.58765;0.69129;0.35684;939.6539799999999;0.33921;0.66844;0.22101;0.78685;good
1000.0;0;0.63816;1005.0;0.20833;-1.0;;1.0;0.87719;0.30921;-0.66886;1.0;-0.05921;0.58772;45.02518;0.05044;-0.51535;-1.0;0.14254;-17.95794;0.32675;-24708.092399999998;-1.0;1.0;36.41445;-1.0;3545.0;-0.0614;1.0;1234.0;0.20614;-1.0;1.0;1.0;bad
1000.0;0;1.0;-416.64285;1.0;0.76131;1741.2;0.18593;1.0;-0.09925;0.93844;0.4799;0.65452;-0.1608;;0.00879;0.97613;-0.50126;0.80025;-133.75361999999998;0.88065;-10756.9773;1.0;-0.12312;42.11685;0.10678;3292.9505;-0.07249;1.0;-337.95558;0.4397;0.19849;0.51382;-0.05402;good
1000.0;0;0.84783;106.5099;1.0;0.3913;2000.0;-1.0;0.66938;0.08424;1.0;0.27038;1.0;0.60598;;0.35507;1.0;0.02672;0.58424;-234.9165;1.0;35769.83664;0.8913;0.26585;40.96485;-0.33333;3545.0;0.15942;0.37681;-24.02598;1.0;0.22464;1.0;0.37409;bad
;0;;281.8623;1.0;0.02477;2000.0;0.07764;1.0;0.04317;0.98762;0.33266;1.0;0.05489;2567.0;0.04384;0.9575;-0.24598;0.84371;-47.327279999999995;1.0;2337.8610000000003;0.99933;0.27376;45.0;-0.39056;3417.8763;-0.02174;0.86747;288.2624;;-0.22021;0.80355;-0.07329;good
0.0;0;1.0;-1005.0;1.0;-1.0;2000.0;-1.0;1.0;-1.0;1.0;1.0;1.0;1.0;2567.0;-1.0;1.0;1.0;1.0;546.0;1.0;56334.0;1.0;-1.0;45.0;-1.0;3545.0;-1.0;1.0;809.8125;0.0;0.0;1.0;-1.0;bad
1000.0;0;1.0;681.2292;0.81309;0.82021;860.38;1.0;0.20619;0.80541;-0.43872;1.0;-0.79135;0.77092;;0.40268;-0.39046;-0.58634;-0.97907;-233.80812;-0.73083;-43004.81226;-0.37671;-0.97491;18.614700000000003;-1.0;1481.0301;-0.93296;0.25773;-1234.0;0.9357;-0.35222;0.98816;0.03446;good
1000.0;0;1.0;1005.0;1.0;-1.0;2000.0;-1.0;1.0;1.0;1.0;1.0;1.0;1.0;2567.0;-1.0;1.0;1.0;1.0;546.0;1.0;56334.0;1.0;1.0;45.0;1.0;3545.0;0.5;0.0;0.0;;-1.0;1.0;-1.0;bad
1000.0;0;1.0;35.46645;1.0;0.18281;2000.0;0.26968;1.0;0.25068;1.0;0.28778;1.0;0.38643;2567.0;0.31674;1.0;0.65701;1.0;293.99916;1.0;34514.15178;1.0;0.59457;40.31685;0.68326;3172.8459000000003;0.71374;0.85611;828.6186600000001;0.74389;0.85611;0.71493;0.75837;good
0.0;0;1.0;-1005.0;1.0;1.0;-2000.0;-1.0;1.0;-1.0;0.0;0.0;0.0;0.0;-2567.0;1.0;1.0;-1.0;1.0;-546.0;-0.75;56334.0;1.0;-1.0;;-1.0;3545.0;-1.0;-1.0;-1234.0;0.0;0.0;1.0;-1.0;bad
1000.0;0;0.96087;86.631;0.9676;0.19279;;0.27451;0.98044;0.35052;0.92867;0.46281;0.86265;0.52517;2125.9894;0.58794;0.73242;0.69065;0.69003;399.3444;0.54473;38769.0588;0.48339;0.76197;18.27675;0.74689;1184.0654499999998;0.83796;0.24944;1061.99274;0.13756;0.86835;0.09048;0.86285;good
1000.0;0;0.69444;390.83445;0.0;0.0;;0.69841;0.0;0.0;0.0;0.0;0.0;0.0;;-0.24206;0.21032;0.19444;0.46429;426.83549999999997;0.0;0.0;0.0;0.0;33.035849999999996;0.27381;2700.9355;0.63492;0.0;0.0;0.0;0.0;0.0;0.0;bad
;0;1.0;50.953500000000005;1.0;0.10827;2000.0;0.19498;1.0;0.28453;1.0;0.34826;1.0;0.38261;2427.74025;0.42881;0.89126;0.50391;0.75906;321.05346000000003;0.80644;33778.99308;0.79578;0.62758;;0.63942;2106.33265;0.69435;0.49538;896.92056;;0.71689;0.33381;0.75243;good
0.0;0;1.0;1005.0;0.0;0.0;;-1.0;1.0;-1.0;1.0;1.0;1.0;1.0;2567.0;-1.0;1.0;1.0;1.0;546.0;1.0;-56334.0;-1.0;-1.0;45.0;-1.0;3545.0;-1.0;1.0;1234.0;0.0;0.0;1.0;-1.0;bad
1000.0;0;1.0;40.9839;1.0;0.11982;2000.0;0.16159;1.0;0.27921;0.98703;0.30889;0.92745;0.37639;;0.39749;0.81939;0.46059;0.78619;256.58724;0.794;31705.901879999998;0.70331;0.58129;30.184649999999998;0.59723;2088.11135;0.6099;0.53952;751.9008799999999;0.45312;0.63636;0.40442;0.62658;good
;0;1.0;1005.0;1.0;-1.0;2000.0;1.0;1.0;1.0;1.0;1.0;1.0;1.0;2567.0;1.0;1.0;-1.0;-1.0;546.0;-1.0;56334.0;-1.0;1.0;45.0;-1.0;3545.0;1.0;-1.0;1234.0;;-1.0;-1.0;1.0;bad
1000.0;0;1.0;242.88840000000002;1.0;0.4859;2000.0;0.72973;1.0;1.0;1.0;1.0;1.0;1.0;2567.0;0.77128;1.0;1.0;1.0;546.0;0.74468;56334.0;0.89647;1.0;29.0826;1.0;1356.13975;1.0;0.10819;1234.0;-0.1737;1.0;-0.81383;1.0;good
0.0;0;1.0;1005.0;1.0;-1.0;2000.0;1.0;-1.0;1.0;0.0;0.0;1.0;1.0;;0.0;0.0;0.0;-1.0;546.0;-1.0;56334.0;1.0;1.0;45.0;-1.0;3545.0;1.0;1.0;1234.0;1.0;-1.0;-1.0;1.0;bad
1000.0;0;1.0;-66.3702;1.0;0.62937;2000.0;0.09557;1.0;0.2028;1.0;-1.0;1.0;-0.40559;2567.0;-0.15851;1.0;0.04895;1.0;-335.99748;1.0;-14969.633820000001;1.0;-1.0;45.0;-0.58042;3545.0;-0.81372;1.0;-1234.0;1.0;-0.78555;1.0;-0.48252;good
0.0;0;1.0;-1005.0;1.0;1.0;2000.0;1.0;1.0;1.0;1.0;1.0;1.0;-1.0;;-1.0;1.0;1.0;1.0;-546.0;1.0;56334.0;1.0;1.0;45.0;-1.0;3545.0;1.0;1.0;-1234.0;1.0;1.0;1.0;-1.0;bad
1000.0;0;0.92277;78.4302;0.92679;0.16251;1794.0400000000002;0.24618;0.84111;0.35197;0.78801;0.42196;0.70716;0.46983;;0.56476;0.60459;0.642;0.51247;354.48504;0.39903;37729.6965;0.34232;0.68343;10.66185;0.76146;665.21925;0.73885;0.09694;876.60892;0.02735;0.77072;-0.04023;0.69509;good
1000.0;0;0.68198;-174.0057;0.82332;0.21908;932.86;0.32862;0.25795;0.58304;1.0;-0.15194;0.0106;0.44523;27.2102;0.38869;0.18681;0.41168;0.10567;198.48738;0.04325;17319.8883;-0.00083;0.24936;-1.2879;0.19405;-152.9313;0.14481;-0.04779;127.70666;-0.04585;0.07064;-0.04013;0.04586;bad
1000.0;0;0.74852;-28.25055;0.6568;-0.05178;1612.42;0.02811;0.85947;0.02515;0.63462;0.08728;0.71598;0.0784;1875.88659;0.05178;0.7855;-0.27811;0.65976;-8.075339999999999;0.78698;3916.9030199999997;0.34615;-0.18639;29.423250000000003;0.02811;2162.76905;-0.06637;0.5355;-261.04036;0.59024;-0.14053;0.56361;0.02959;good
1000.0;0;0.39179;-63.74715;0.97464;0.04328;;1.0;0.35821;0.15299;0.54478;0.1306;0.61567;-0.8209;1484.65012;0.6791;0.66791;-0.10448;0.46642;-63.15582;0.65574;8332.92528;0.83209;0.45522;21.15675;0.16418;1748.00405;0.1463;0.32463;-32.23208;0.39118;0.13521;0.34411;0.12755;bad
1000.0;0;0.67547;45.5064;0.76981;-0.10566;1547.16;0.03774;0.66038;-0.04528;0.64528;0.01132;0.66792;-0.13962;1850.16525;-0.02264;0.76981;0.08679;0.61887;-43.2705;0.75849;-13392.84516;0.73962;-0.14717;38.2077;-0.15094;2619.2587;-0.05801;0.66792;27.93776;0.86415;0.03774;0.73208;0.00755;good
;0;0.72727;-50.25;0.89241;0.03462;2000.0;0.72727;0.66364;-0.05909;0.48182;-0.16818;0.81809;0.09559;1458.51806;1.0;0.50455;0.21818;0.66818;54.6;1.0;-16900.2;0.98636;-1.0;;0.32727;2020.0119;0.14673;0.42273;100.96588;;0.14643;1.0;1.0;bad
1000.0;0;0.57647;-15.76845;0.40392;0.0;;0.12941;0.4;-0.05882;0.56471;0.14118;0.46667;0.08235;;-0.0549;0.58039;0.01569;0.50196;0.0;0.45882;3755.7877799999997;0.58039;0.08235;22.4118;0.00392;1722.90545;0.10039;0.46275;101.6199;;0.23529;0.43137;0.17255;good
;0;0.41932;125.4441;0.35;0.125;463.64;0.27955;-0.03636;0.44318;0.04517;0.36194;-0.19091;0.33636;-342.6945;0.27322;0.02727;0.40455;-0.34773;69.48942;-0.20028;2860.64052;-0.18636;0.36364;;-0.04802;-353.47195;-0.07114;-1.0;-1234.0;-0.02916;-0.07464;-0.00526;-0.06314;bad
;0;0.88305;-221.0598;1.0;0.36373;1648.0600000000002;0.19206;0.85086;0.05901;0.90558;-0.04292;0.85193;0.25;1999.6159900000002;0.25322;0.69206;0.5794;0.7103;213.24576000000002;0.73176;15534.1005;1.0;0.34871;;0.52039;2474.79995;0.53235;0.80901;722.92656;0.43026;0.70923;0.52361;0.54185;good
;0;0.84557;-86.229;-0.31745;-0.80553;;-0.56435;0.80648;0.04576;0.89514;-0.00763;-0.18494;0.63966;-513.88773;-0.68065;0.85701;-0.11344;0.77979;-85.88034;-0.06959;28623.3054;-0.34128;0.80934;;-0.03718;2512.7669;-0.25288;0.77884;-174.10505999999998;-0.21354;-0.7817;-0.18494;-0.59867;
1000.0;0;0.7087;-249.06915;0.64348;0.04348;904.34;0.38261;0.65217;0.18261;0.5;0.26957;0.57826;-0.23043;;0.37826;0.38696;-0.42609;0.36087;-142.43502;0.26957;6613.04826;0.53246;-0.03845;14.0868;-0.12174;1770.0185000000001;-0.04264;0.48348;-54.88832;0.64348;-0.25217;0.50435;0.14783;good
1000.0;0;-0.5418;149.35305;-0.33746;0.73375;1040.24;-0.13932;0.31889;-0.06811;0.20743;-0.1517;0.47368;0.08978;1446.42749;-0.1548;0.16409;0.45201;0.33746;18.59676;0.50464;4011.54414;-0.63777;-0.6161;45.0;0.65635;1465.7866000000001;-0.40116;-0.1517;137.54164;0.02399;0.5582;0.52632;-0.08978;bad
1000.0;0;0.29202;136.4991;0.45331;0.16808;1035.66;-0.00509;0.52632;0.20883;0.52462;-0.16638;0.47368;-0.04754;;0.03905;0.81664;-0.22411;0.42445;-23.17224;0.34975;3729.8741400000004;0.28183;-0.20883;;-0.03176;1785.58105;-0.03351;0.34635;121.51198000000001;;-0.01868;0.39559;-0.03226;good
1000.0;0;0.79157;169.35254999999998;0.0;0.0;1130.82;0.06874;0.39468;1.0;0.38359;0.99557;-0.02439;0.53215;609.02075;0.1286;-0.02661;0.95122;-0.50998;463.67411999999996;-0.102;21859.28202;-0.42572;0.23725;-41.2083;0.8071;-1210.4757;0.88248;-1.0;856.4083400000001;-1.0;0.1286;0.0;0.0;bad
;0;0.90116;166.90035;0.79299;0.37379;;0.50515;0.59784;0.72997;0.44303;0.81152;0.24412;0.87493;;0.85038;-0.12611;0.87396;-0.28739;434.70882;-0.46635;37137.62616;-0.57135;0.53805;-30.67155;0.39951;-2546.8698;0.25835;-0.72369;138.43012000000002;-0.71475;-0.05525;-0.67699;-0.19904;good
1000.0;0;0.97714;191.44244999999998;0.82683;0.46259;1435.4199999999998;0.58732;0.47968;0.84278;0.31409;0.92643;0.10289;0.93945;-340.23017999999996;0.8429;-0.3202;0.91624;-0.52145;434.2065;-0.68274;27889.83672;-0.77408;0.33537;-38.4192;0.17849;-2953.4813;-0.01358;-0.82366;-238.42113999999998;-0.67289;-0.33662;-0.59943;-0.497;good
;0;-1.0;-1005.0;0.0;0.0;1016.2800000000001;-0.78502;0.60586;0.32899;-1.0;-0.41368;0.0;0.0;;0.0;1.0;-0.2671;0.36482;-346.80827999999997;0.97068;-56334.0;-1.0;-1.0;45.0;-0.59609;-3545.0;-1.0;-1.0;-1234.0;1.0;-1.0;0.0;0.0;bad
;0;0.74084;49.9887;0.79074;0.02543;1571.5;0.03793;0.6623;0.09948;0.67801;0.31152;0.75934;0.07348;;0.08442;0.70681;-0.07853;0.63613;0.0;0.70021;6396.7257;0.68183;0.12185;30.1572;0.15445;2274.4011;0.13608;0.65707;216.43125999999998;;0.14697;0.57455;0.15114;good
1000.0;0;1.0;-1005.0;0.0;0.0;1558.8200000000002;-0.99265;0.80882;0.55147;-0.41912;-0.94853;0.0;0.0;;0.0;0.72059;-0.77206;0.73529;-329.20524;0.0;0.0;0.18382;-1.0;-45.0;-1.0;-3545.0;-1.0;1.0;-1234.0;1.0;-1.0;0.0;0.0;bad
1000.0;0;1.0;17.17545;0.96215;-0.03142;2000.0;-0.03436;1.0;-0.05071;0.99026;-0.07092;0.99173;-0.09002;2567.0;-0.15727;1.0;-0.14257;0.9831;-64.49898;1.0;-10432.49346;1.0;-0.19272;44.53695;-0.22083;3420.5705;-0.20243;0.94599;-211.29782;0.96436;-0.22561;0.87011;-0.23296;good
0.0;0;0.0;0.0;0.0;0.0;0.0;0.0;0.0;0.0;0.0;0.0;0.0;0.0;0.0;0.0;0.0;0.0;0.0;0.0;0.0;0.0;0.0;0.0;0.0;0.0;3545.0;-1.0;0.0;0.0;0.0;0.0;0.0;0.0;bad
1000.0;0;0.95704;-121.55475;0.63318;-0.1269;1927.3;-0.18242;0.97026;0.0846;0.92003;-0.01124;0.83543;-0.24719;;-0.31395;0.99273;-0.21216;0.98678;-114.75828;1.0;-15303.1311;0.93126;-0.39458;;-0.19233;3147.71185;-0.31565;0.81428;-292.80352;0.89095;-0.31857;0.69531;-0.41573;good
;0;0.28409;-319.77090000000004;0.0;0.0;1363.6399999999999;-1.0;0.30682;0.95833;0.64394;0.06439;0.34848;-0.84848;0.0;0.0;0.59091;-0.35985;0.45076;-440.52371999999997;0.0;0.0;0.0;0.0;10.9089;0.17803;3545.0;-0.23864;0.06061;-598.3049;0.16288;-0.70076;0.0;0.0;bad
1000.0;0;0.9449;-495.57555;1.0;-0.03692;1977.96;-0.87052;0.90083;0.66942;1.0;-0.10104;1.0;-0.12493;2567.0;-0.15017;1.0;-0.17681;;-111.88086;1.0;-13211.44968;1.0;-0.26571;45.0;-0.29852;3545.0;-0.33304;1.0;-455.72854;1.0;-0.4074;1.0;-0.44739;good
;0;0.0;0.0;0.0;0.0;0.0;0.0;0.0;0.0;0.62195;1.0;0.0;0.0;;0.0;0.36585;-0.71951;;-546.0;0.0;0.0;0.0;0.0;0.0;0.0;3545.0;0.10976;0.0;0.0;0.0;0.0;0.0;0.0;bad
1000.0;0;0.99449;5.2863;0.84082;-0.11313;1764.74;-0.16431;0.99061;-0.06257;0.96484;-0.07496;0.85221;0.02966;2237.42287;-0.20848;0.93881;-0.12977;0.98298;-48.7851;0.89876;42.2505;0.87836;-0.05882;42.0156;-0.19872;3104.67555;-0.17806;0.94294;-204.60954;0.80253;-0.25741;0.76586;-0.27794;
1000.0;0;0.10135;108.65055;0.0;0.0;;0.0;0.5473;0.82432;0.31081;1.0;0.0;0.0;0.0;0.0;0.37162;-1.0;0.33108;-546.0;0.0;0.0;0.0;0.0;;-1.0;3545.0;-1.0;0.55405;-291.82866;0.0;0.0;0.0;0.0;bad
1000.0;0;1.0;-575.1012;0.9915;-0.73371;;-0.9745;1.0;-0.35818;1.0;-0.23229;0.6289;-0.86402;;-0.57535;1.0;-0.79603;0.76771;-485.67792;0.96601;-56334.0;0.7012;-0.74896;27.875700000000002;-0.76904;1906.39465;-0.77986;0.8102;-1234.0;;-1.0;0.30445;-0.76112;good
1000.0;0;0.65909;-631.93395;0.0;0.0;0.0;0.0;0.77273;1.0;1.0;-0.2803;0.0;0.0;;0.0;0.62121;-0.22727;0.84091;-546.0;1.0;-56334.0;0.0;0.0;0.0;0.0;3545.0;-0.93939;-0.12879;-1149.86588;0.0;0.0;0.0;0.0;bad
1000.0;0;0.86284;194.0655;0.8092;0.41149;1344.06;0.55785;0.54559;0.69962;0.36705;0.81533;0.19617;0.85671;-104.24587;0.86284;-0.17241;0.75785;-0.341;358.97862;-0.48199;31598.86728;-0.6023;0.40996;-26.6553;0.25747;-2234.6971000000003;0.08818;-0.57241;-96.44944;-0.54866;-0.19923;-0.42912;-0.31954;good
1000.0;0;0.42;-613.05;0.0;0.0;2000.0;-1.0;0.9;1.0;0.43;0.64;0.0;0.0;0.0;0.0;0.67;-0.29;0.84;-546.0;0.0;0.0;0.0;0.0;9.45;0.68;3545.0;0.22;0.0;0.0;0.0;0.0;0.0;0.0;bad
;0;1.0;235.11974999999998;0.91404;0.52013;1560.4;0.72144;0.4766;0.84222;0.27639;0.9173;0.09467;0.88248;;0.91404;-0.34168;0.75517;-0.5136;352.31742;-0.64527;25132.850759999998;-0.74102;0.29162;-31.8771;0.03591;-2542.86395;-0.11943;-0.64962;-347.77822000000003;-0.51251;-0.44505;-0.37432;-0.53319;good
1000.0;0;0.91353;819.9393;-0.72973;1.0;-789.32;0.55735;0.05405;0.2973;-0.18599;-0.10241;-0.03158;-0.0897;;-0.03403;0.01108;-0.00537;0.00342;0.52962;0.00048;42.2505;-3e-05;0.00019;-0.00135;2e-05;-0.03545;0.0;0.0;0.0;;0.0;0.0;0.0;bad
;0;0.21429;-95.7162;0.33333;0.07143;380.96000000000004;0.19048;0.2381;0.09524;0.40476;0.02381;0.30952;-0.04762;794.5378400000001;-0.04762;0.28571;-0.11905;0.33333;26.00052;0.30952;0.0;0.21429;-0.11905;16.0713;-0.04762;783.76405;-0.0229;0.19048;0.0;0.16997;-0.02034;0.14694;-0.01877;good
1000.0;0;1.0;-148.2777;1.0;0.04918;1147.54;-0.01639;0.65574;0.01639;0.85246;-0.03279;0.72131;0.0;;-0.16393;0.19672;-0.14754;0.65558;-93.78096;0.67213;1847.19186;1.0;-0.29508;14.016599999999999;-0.34426;1857.04825;-0.20325;0.32787;-40.46286;0.27869;-0.44262;0.4918;-0.06557;bad
;0;0.98182;0.0;0.88627;0.03131;1724.98;0.04572;0.8;0.0;0.69091;0.04545;0.79343;0.08436;;0.09579;0.62727;0.25455;0.68182;69.48942;0.70674;7102.59072;0.68604;0.13493;33.545249999999996;0.22727;2289.39645;0.15088;0.67273;33.65118;0.60715;0.16465;0.5884;0.17077;good
;0;;526.42905;-0.78824;0.11342;-332.56;-0.76378;0.66667;0.0119;0.82143;0.40476;-0.6723;0.30729;-893.2389900000001;-0.63668;0.46429;0.15476;0.54762;32.49792;-0.5183;25328.32974;-0.47651;-0.47594;14.46435;0.70238;1842.37195;0.38848;0.57143;484.78924;;-0.29915;0.25441;-0.55837;bad
1000.0;0;0.86889;-71.46555000000001;1.0;-0.02494;2000.0;-0.06889;0.87778;0.00222;0.83556;-0.06444;1.0;-0.07287;;-0.2;0.86889;0.05333;0.88;-20.62788;1.0;-6493.05684;1.0;-0.18667;37.9998;0.03556;3545.0;-0.14162;0.82222;-180.99078;1.0;-0.15609;1.0;-0.44222;good
1000.0;0;0.43636;-127.90634999999999;0.58182;-0.14545;363.64000000000004;-0.67273;0.34545;-0.03636;0.29091;-0.05455;0.29091;0.29091;933.46388;-0.41818;0.2;-0.01818;;29.7843;0.12727;27654.92394;0.61818;0.16364;;0.16364;1456.9241;-0.07027;0.34545;-67.3147;0.12727;-0.36364;0.29091;-0.29091;bad
;0;1.0;-929.15265;1.0;0.75472;981.14;-0.0566;0.62264;0.0;1.0;-0.00054;0.45283;0.07547;1598.3168799999999;-0.0566;0.98878;-0.00085;0.5283;0.0;0.5283;4251.52698;0.9519;-0.00112;45.0;0.79245;3268.2064;-0.00128;0.9434;-1234.0;1.0;0.43396;0.43396;-0.11321;good
;0;0.7381;837.49665;-0.7619;-0.2381;666.6600000000001;-0.14286;0.45238;-0.14286;-0.67285;0.12808;0.33333;0.0;;-0.07143;-0.38214;0.51163;0.2381;13.00026;0.45238;2682.6250800000003;0.16667;-0.2619;-25.76475;-0.10234;882.31505;-0.51079;1.0;0.0;-0.66667;-0.04762;0.2619;0.02381;bad
;0;0.4375;41.87835;0.58333;-0.10417;791.6600000000001;0.0;0.33333;-0.0625;0.47917;0.0;0.29167;0.10417;1390.46689;0.02083;0.4375;-0.22917;0.35417;-125.12682000000001;0.33333;4694.31222;0.25;0.1875;17.812350000000002;-0.1875;1560.2254;-0.10064;0.41667;-102.82922;0.58333;-0.3125;0.33333;-0.0625;
1000.0;0;1.0;1005.0;0.0;0.0;0.0;0.0;0.0;0.0;0.47744;-0.89098;-0.51504;0.45489;;0.28571;0.64662;1.0;0.0;0.0;0.0;0.0;0.6203;0.20301;;-1.0;3545.0;-1.0;1.0;1234.0;0.0;0.0;0.0;0.0;bad
1000.0;0;0.95217;66.27974999999999;0.93614;0.1303;;0.19152;0.84881;-0.49962;0.90023;0.6132;0.77937;0.34328;1854.76018;0.37988;0.66145;0.40844;0.95472;326.84652;0.53258;24836.533919999998;0.46773;0.44511;18.198;0.44199;1218.5583;0.43221;0.9033;1234.0;0.23405;0.3962;0.18632;0.37191;good
1000.0;0;0.5984;405.33660000000003;0.82809;0.80521;1520.02;0.70709;0.8401;-0.10984;0.97311;0.07981;0.95824;-0.85727;;0.88444;0.95452;-0.05206;0.88673;99.0171;0.98484;-39205.08396;0.8667;-0.85755;12.8718;-0.30063;3545.0;0.17076;0.62958;526.63418;0.87757;0.81007;0.81979;0.68822;bad
;0;0.95882;101.79645000000001;1.0;-0.01918;1966.26;0.02555;0.96974;-0.09316;0.98955;-0.02716;0.9798;-0.03096;2567.0;-0.05343;1.0;-0.05179;0.9384;8.50122;0.9762;-5230.04856;0.97889;-0.05318;41.205149999999996;-0.15675;3391.74965;-0.06995;0.90978;16.12838;1.0;-0.10797;0.93144;-0.06888;good
1000.0;0;0.0;0.0;-0.33672;0.85388;0.0;0.0;0.68869;-1.0;0.97078;0.31385;-0.26048;-0.59212;-776.28647;0.65565;0.94155;0.16391;0.0;0.0;0.0;0.0;-0.18043;-1.0;0.0;0.0;3545.0;-1.0;0.0;0.0;0.04447;0.61881;0.0;0.0;bad
1000.0;0;0.96933;8.8038;1.0;0.00843;1973.16;-0.00763;0.97868;-0.02844;0.9982;-0.0351;1.0;-0.01271;;-0.02581;1.0;-0.01175;0.98485;0.1365;1.0;-1471.44408;1.0;-0.04744;43.20855;-0.04527;3516.2146;-0.03473;0.9702;-30.57852;;-0.03855;0.9842;-0.04112;good
1000.0;0;0.0;0.0;0.98919;-0.22703;378.38;-0.05405;0.0;0.0;0.93243;0.07297;1.0;-0.2;2567.0;0.07027;1.0;-0.11351;0.0;0.0;1.0;-11875.77054;1.0;-0.41622;0.0;0.0;3545.0;-0.17568;0.0;0.0;1.0;-0.25946;0.28919;-0.15676;bad
1000.0;0;0.64122;14.100150000000001;0.34146;-0.02439;1055.02;0.03466;0.19512;0.12195;0.43313;0.04755;0.21951;0.04878;;0.0;0.36585;0.0;0.31707;39.95082;0.26829;6869.9313;0.23698;0.05813;9.87795;0.09756;684.3267999999999;0.05641;0.1741;67.91936;0.19512;0.0;0.17073;0.07317;good
1000.0;0;1.0;1005.0;1.0;-1.0;0.0;0.0;0.0;0.0;1.0;1.0;1.0;-1.0;;1.0;1.0;-1.0;0.0;0.0;0.0;0.0;1.0;-0.27778;0.0;0.0;3545.0;-1.0;1.0;1234.0;1.0;-1.0;0.0;0.0;bad
1000.0;0;0.34694;205.1004;0.46939;0.2449;816.32;0.20408;0.46939;0.44898;0.30612;0.59184;0.12245;0.55102;;0.5102;-0.06122;0.55102;-0.20408;300.85692;-0.28571;25292.83932;-0.28571;0.32653;-27.5508;0.22449;-1651.2255499999999;0.14895;-0.59184;226.64878;;0.0;-0.26531;-0.2449;good
1000.0;0;0.0;0.0;1.0;-1.0;0.0;0.0;0.0;0.0;1.0;1.0;1.0;-0.25342;2567.0;0.23288;1.0;-1.0;0.0;0.0;0.0;0.0;1.0;1.0;0.0;0.0;3545.0;-1.0;0.0;0.0;;-1.0;0.0;0.0;bad
1000.0;0;;384.26175;0.91176;0.375;1485.3;0.67647;0.45588;0.77941;0.19118;0.88971;-0.02206;0.86029;-528.49396;0.82353;-0.375;0.67647;-0.5;260.95524;-0.73529;21539.304900000003;-0.86029;0.08824;-33.41925;-0.125;-2407.94125;-0.24131;-0.55147;-526.2639800000001;-0.44118;-0.50735;-0.28676;-0.56618;good
1000.0;0;-1.0;282.45525000000004;0.22222;0.15033;-1513.86;-0.70984;-0.30719;0.71242;-1.0;1.0;-0.81699;0.33987;;-0.02614;-0.98039;-0.83007;-0.60131;-296.19408;-0.04575;-46761.16338;0.94118;-0.94118;-45.0;-0.43137;2636.94825;0.09176;-1.0;64.52586000000001;0.18301;0.02614;-0.40201;-0.48241;bad
;0;0.26667;-100.5;0.53333;0.0;;-0.13333;0.36667;0.11667;0.56667;0.01667;0.71667;0.08333;;-0.06667;0.53333;0.2;0.41667;-9.10182;0.31667;11266.800000000001;0.7;0.0;11.25;0.13333;1638.2863;0.05439;0.4;41.12922;0.46667;0.03333;0.41667;-0.05;good
1000.0;0;-0.26667;402.0;-0.27303;0.12159;-355.56;-0.04444;0.06192;-0.06879;0.04461;0.02575;-0.00885;0.02726;-40.71262;-0.00166;-0.00093;-0.00883;0.0047;-0.8353799999999999;0.00138;134.07492000000002;-0.00114;0.00102;-0.031049999999999998;-0.0005;0.67355;-0.00043;0.00026;0.061700000000000005;0.0;0.00015;-8e-05;2e-05;bad
1000.0;0;;-380.2719;0.64865;0.2973;1297.3;-0.24324;0.86486;0.18919;1.0;-0.27027;0.51351;0.0;1595.6985399999999;-0.05405;0.32432;-0.21622;0.71833;-96.45636;0.62162;3044.8527;0.75676;0.13514;15.81075;-0.2973;2163.54895;-0.22163;0.58478;-284.15318;0.72973;-0.59459;0.51351;-0.24324;good
1000.0;0;0.94531;-35.3358;-1.0;-0.33203;-2000.0;-0.01563;0.97266;0.01172;0.93359;-0.01953;-1.0;0.16406;-2567.0;-0.00391;0.95313;-0.03516;0.92188;-14.92764;-0.99219;6601.78146;-0.93359;0.34766;43.06635;-0.00391;2908.35345;0.13758;0.90234;-81.94994;-1.0;-0.1875;-1.0;-0.34375;bad
1000.0;0;;22.6527;0.93757;-0.01272;1870.52;0.01214;0.96705;-0.01734;0.96936;0.0052;0.95665;-0.03064;;-0.00405;0.9948;-0.02659;0.99769;9.78432;0.93584;-2800.36314;0.93815;-0.0237;43.6734;-0.04451;3410.8217499999996;-0.01647;0.97399;23.544719999999998;0.95434;-0.0341;0.95838;0.00809;good
1000.0;0;1.0;-55.566449999999996;1.0;-1.0;1000.0;-0.11111;0.36111;-0.22222;1.0;-0.25712;0.16667;-0.11111;2567.0;-0.3466;1.0;-0.38853;1.0;-234.02652;0.0;-14083.5;1.0;-0.50333;45.0;-0.27778;3545.0;-0.57092;1.0;-342.78052;1.0;-0.63156;1.0;-0.65935;bad
1000.0;0;;-103.96725;0.24138;-0.10345;413.8;-0.06897;0.07405;-0.05431;0.03649;-0.03689;0.01707;-0.02383;;-0.01482;0.00281;-0.00893;0.00078;-2.8555800000000002;-3e-05;-168.43866;-0.00028;-0.00166;-0.01395;-0.0009;-0.88625;-0.00048;-0.00018;-0.29616000000000003;-0.00012;-0.00012;-8e-05;-6e-05;
1000.0;0;0.62745;-78.82215;0.72549;0.0;1215.68;-0.07843;0.62745;-0.11765;0.68627;-0.11765;0.66667;-0.13725;;-0.09804;0.54902;-0.11765;0.54902;-117.76674;0.58824;-11045.97072;0.66667;-0.23529;20.2941;-0.2549;1857.8990499999998;-0.24668;0.56863;-387.14282000000003;0.43137;-0.21569;0.47059;-0.27451;bad
;0;0.25;167.50335;0.46667;0.26667;380.72;0.23966;0.07766;0.19939;0.0107;0.14922;-0.02367;0.10188;;0.06317;-0.03766;0.03458;-0.0323;8.36472;-0.02474;201.11238;-0.01726;-0.00273;-0.49365000000000003;-0.00539;-22.01445;-0.00586;-0.00294;-6.416799999999999;-0.00089;-0.00408;0.00025;-0.00291;
;0;-0.65625;157.03125;0.0625;0.0;0.0;0.0625;0.625;0.0625;0.1875;0.0;-0.03125;0.09375;;0.0;0.15625;-0.15625;0.4375;-204.75;0.0;-5281.3125;0.0;0.0;;-0.46875;110.78125;0.0;-0.71875;38.5625;-0.03125;0.0;0.0;0.09375;bad
1000.0;0;1.0;-10.86405;1.0;-0.02703;2000.0;-0.06486;0.95135;-0.01622;0.98919;-0.03243;0.98919;0.08649;2567.0;-0.06486;0.95135;0.09189;0.97838;-2.95386;1.0;3653.82324;1.0;0.04324;44.027100000000004;0.09189;3493.8102;0.01251;1.0;-40.01862;1.0;0.02703;1.0;-0.07027;good
1000.0;0;0.85271;54.5313;1.0;0.08069;2000.0;1.0;0.91473;-0.00775;0.83721;0.03876;1.0;0.27153;;1.0;0.81395;0.04651;0.90698;63.488879999999995;1.0;28544.437800000003;1.0;-1.0;36.279;0.03876;3545.0;0.71613;0.84496;86.09618;;0.87317;1.0;1.0;bad
1000.0;0;;-16.120199999999997;1.0;0.08021;2000.0;0.01604;0.93048;0.00535;0.93583;-0.01604;1.0;0.0;2567.0;0.06417;1.0;0.04813;0.91444;23.357879999999998;0.96791;1204.98426;0.9893;-0.01604;43.315650000000005;0.05348;3437.7283;0.04452;0.87701;13.2038;1.0;0.09091;0.97861;0.06417;good
1000.0;0;;288.9375;0.23;0.1;565.0;0.3175;0.3225;0.35;0.36285;-0.34617;0.0925;0.275;;0.21;-0.0875;0.235;-0.34187;171.48768;-0.48;-4506.72;0.29908;0.33176;-26.099999999999998;-0.24;1141.1355;-0.28475;-0.47;228.29;-0.27104;-0.31228;0.40445;0.0305;bad
1000.0;0;0.6;33.496649999999995;0.63333;0.06667;1400.0;0.06667;0.7;0.0;0.63333;0.0;0.8;0.0;1882.45811;0.0;0.7;0.1;0.66667;54.6;0.73333;-1877.61222;0.76667;0.0;28.49985;0.13333;2337.2894;0.10168;0.6;164.52922;0.6;0.16667;0.63333;0.16667;good
1000.0;0;0.05866;-8.4219;0.06704;0.00838;0.0;-0.01117;0.00559;-0.03911;0.01676;-0.07542;-0.00559;0.05307;;-0.03352;0.0;0.09497;-0.06425;41.17932;-0.04749;1416.23676;0.02793;-0.00559;;0.00559;366.37575;-0.00838;0.03073;-3.44286;0.04469;0.0;0.04749;-0.03352;bad
1000.0;0;0.94653;288.56565;0.72554;0.67248;951.28;0.82455;0.01267;0.89109;-0.24871;0.84475;-0.47644;0.56079;;0.41743;-0.66455;0.07208;-0.65426;-106.6065;-0.52475;-24786.96;-0.30851;-0.55089;-1.8535499999999998;-0.64792;570.21325;-0.5642;0.36752;-517.05834;0.46059;-0.22535;0.50376;-0.0598;good
1000.0;0;0.0546;14.44185;-0.02586;0.04598;28.740000000000002;0.04598;-0.07759;0.00862;0.01724;-0.06609;-0.03736;0.0431;;-0.04598;-0.09483;0.08046;-0.04023;28.23912;0.02011;1295.11866;-0.03736;-0.01149;1.42245;-0.00862;30.557899999999997;0.01724;0.02586;14.17866;;0.01149;-0.04598;-0.00575;bad
;0;0.72414;-10.894200000000001;0.79704;0.01084;1600.0;0.00197;0.79015;0.01084;0.78424;-0.00985;0.8335;0.03251;2185.10741;0.01675;0.80099;-0.00788;0.79113;-16.13976;0.75961;1887.189;0.74778;0.05517;32.67495;-0.01478;2766.5534500000003;0.00612;0.74089;-62.008500000000005;0.82956;0.02956;0.79015;0.00788;good
;0;0.03852;25.808400000000002;0.00428;0.0;39.940000000000005;-0.01997;0.0214;-0.04993;-0.0485;-0.01284;0.01427;-0.02282;0.0;-0.03281;-0.04708;-0.02853;-0.01712;19.47036;0.0214;241.10952;0.05136;-0.02282;2.3112;0.01854;141.5873;0.01569;0.01997;8.79842;-0.02568;-0.01854;-0.01427;0.01997;bad
1000.0;0;0.4709;228.64755;0.42328;0.33598;513.22;0.47619;0.01852;0.49471;-0.02116;0.53968;-0.34127;0.31217;-1059.4009;0.3254;-0.51587;0.06878;-0.5;-63.5544;-0.14815;-8196.597;-0.14815;-0.38095;-10.476;0.00265;126.6983;-0.31739;0.15873;-267.69162;0.24868;-0.24339;0.2672;0.04233;good
1000.0;0;0.08696;6.894299999999999;0.13959;-0.04119;210.52;-0.08238;0.12586;-0.06178;0.23341;-0.01144;0.12357;0.0778;375.93715;-0.13501;0.29062;-0.04805;0.18993;39.98358;0.1167;0.0;0.11213;-0.00229;6.79635;-0.10297;300.15515;0.01373;0.11213;-81.88824;0.09611;-0.07323;0.1167;-0.06865;bad
1000.0;0;0.94333;387.6687;0.48263;0.64534;431.44;0.77514;-0.55941;0.64899;-0.73675;0.42048;-0.76051;0.0;;-0.31079;-0.38391;-0.62157;-0.12797;-378.30701999999997;0.49909;-35839.6908;0.71481;-0.3766;;-0.05484;2130.4741;0.30384;0.45521;746.71808;0.02742;0.54479;-0.21572;0.50457;good
1000.0;0;0.01975;7.08525;0.0409;-0.00846;42.32;0.01128;0.01128;0.04372;0.00282;0.00141;0.01975;-0.03103;-50.69825;0.06065;-0.0409;0.0268;-0.02398;-2.30958;0.04372;-1430.32026;0.01834;0.0;0.0;-0.01269;65.0153;-0.01128;0.00564;-19.13934;;-0.02398;0.00705;0.0;bad
1000.0;0;;0.75375;0.81927;-0.05676;1550.4199999999998;-0.04182;0.84317;0.09037;0.86258;0.11949;0.88051;-0.06124;2011.03914;0.0351;0.83719;-0.06796;0.8357;-77.4774;0.88125;673.1913000000001;0.90515;0.0224;35.8587;-0.01942;2920.4773499999997;-0.03678;0.88125;-79.25981999999999;0.73936;-0.01942;0.79089;-0.09186;good
1000.0;0;1.0;-1005.0;1.0;1.0;-2000.0;1.0;1.0;-1.0;1.0;-1.0;-1.0;-1.0;;1.0;1.0;1.0;1.0;546.0;-1.0;56334.0;1.0;-1.0;45.0;-1.0;3545.0;1.0;1.0;1234.0;-1.0;1.0;-1.0;1.0;bad
1000.0;0;0.85209;394.4826;0.38887;0.76432;177.16000000000003;0.98903;-0.42625;0.88744;-0.76229;0.4998;-0.93092;0.10768;-2205.053;-0.31044;-0.6603;-0.55262;-0.1926;-469.90398;0.28444;-45346.61664;0.64649;-0.3523;35.0163;-0.23324;2541.6940999999997;0.21343;0.3783;719.5454;0.19667;0.66315;-0.11215;0.64933;good
1000.0;0;1.0;1005.0;1.0;0.5125;1250.0;-1.0;1.0;1.0;0.025;0.03125;1.0;1.0;0.0;0.0;1.0;-1.0;1.0;546.0;1.0;56334.0;0.3125;1.0;45.0;1.0;3545.0;1.0;1.0;1234.0;-0.94375;1.0;0.0;0.0;bad
1000.0;0;1.0;551.7651;0.62745;1.0;39.22;1.0;-0.4902;0.92157;-0.82353;0.58824;-1.0;0.11765;;-0.33333;-0.64706;-0.68627;-0.23529;-471.0615;0.35294;-56334.0;0.7451;-0.72549;41.47065;-0.21569;3292.3833;0.21876;0.72549;701.6894199999999;0.23529;0.90196;-0.11765;0.90196;good
;0;0.0;0.0;-1.0;-1.0;-2000.0;1.0;0.0;0.0;-1.0;1.0;1.0;1.0;;-1.0;0.0;0.0;0.0;0.0;-1.0;-56334.0;-1.0;1.0;45.0;0.4375;3545.0;-1.0;0.0;0.0;-1.0;-1.0;-1.0;1.0;bad
1000.0;0;0.44444;446.6622;0.53695;0.90763;-444.44;1.0;-0.33333;0.88889;-1.0;0.33333;-1.0;-0.11111;-2567.0;-0.22222;-0.66667;-0.77778;0.55556;-546.0;-0.22222;-43815.45852;0.77778;-0.22222;;0.0;3265.654;0.45019;0.57454;1040.91602;0.22222;1.0;-0.55556;1.0;good
;0;0.0;0.0;0.0;0.0;0.0;0.0;0.0;0.0;0.0;0.0;0.0;0.0;;0.0;0.0;0.0;0.0;0.0;0.0;0.0;0.0;0.0;0.0;0.0;3545.0;0.0;0.0;0.0;0.0;0.0;0.0;0.0;bad
;0;1.0;0.0;1.0;0.0;;0.5;0.75;0.0;0.91201;0.12094;0.89067;0.1421;2231.2877399999998;0.16228;0.75;0.25;0.75;273.0;0.75;0.0;1.0;-0.25;22.5;0.5;2621.3148;0.26388;0.75;308.5;0.69635;0.29074;0.67493;0.30293;good
;0;-1.0;1005.0;1.0;1.0;0.0;0.0;1.0;-1.0;1.0;-1.0;1.0;-1.0;-2567.0;-1.0;0.0;0.0;;-546.0;0.0;0.0;0.0;0.0;-45.0;-1.0;3545.0;-1.0;1.0;1234.0;;-1.0;0.0;0.0;bad
1000.0;0;1.0;0.0;1.0;0.0;1333.34;0.11111;1.0;-0.11111;0.88889;-0.11111;1.0;-0.22222;1996.5612600000002;0.0;0.77778;0.0;1.0;-60.66606;0.77778;-6259.27074;0.66667;-0.11111;30.000149999999998;0.0;3202.80115;-0.05352;1.0;137.10974;;-0.11111;1.0;0.0;good
;0;0.0;0.0;0.0;0.0;0.0;0.0;0.0;0.0;0.0;0.0;-1.0;-1.0;;0.0;1.0;0.75;0.0;0.0;0.0;0.0;-1.0;1.0;;0.0;3545.0;-1.0;-1.0;-1234.0;1.0;1.0;0.0;0.0;bad
;0;1.0;456.82275;1.0;-0.45455;;0.09091;1.0;-0.09091;1.0;0.0;1.0;-0.27273;2567.0;-0.18182;1.0;0.09091;1.0;0.0;1.0;-20485.29576;1.0;0.09091;45.0;-0.09091;3545.0;-0.04914;1.0;560.9147;1.0;-0.27273;1.0;-0.18182;good
1000.0;0;0.62121;-639.5418000000001;0.0;0.0;0.0;0.0;0.3447;0.28788;0.42803;0.39394;-0.07576;0.51894;;0.31439;-0.53788;0.32955;0.12121;-80.66058;0.01894;-30087.426059999998;-0.57576;0.17803;13.12515;-0.27273;913.1211;-0.57576;0.43182;299.14628;0.18182;-0.02273;0.17045;-0.41667;bad
;0;1.0;118.23825000000001;1.0;0.23529;2000.0;0.41176;1.0;0.05882;1.0;0.23529;1.0;0.11765;2567.0;0.47059;1.0;-0.05882;1.0;-64.2369;1.0;19882.52196;1.0;0.41176;45.0;-0.11765;3545.0;0.20225;1.0;72.58388;;0.35294;1.0;0.23529;good
1000.0;0;0.0;0.0;-1.0;-0.62766;;0.51064;0.07979;-0.23404;-1.0;-0.3617;0.12766;-0.59043;2567.0;-1.0;0.0;0.0;;-43.56534;-0.25;56334.0;0.17021;-0.70745;0.0;0.0;-678.83205;-0.46809;-0.2234;-603.87024;0.74468;0.90426;-0.67553;0.45745;bad
;0;;293.12835;0.83333;-0.16667;1416.66;0.25;0.875;-0.08333;0.91667;0.04167;0.83333;0.125;;0.0;0.875;0.04167;1.0;45.49818;0.66667;-4694.31222;0.75;0.16667;37.49985;-0.125;2970.5682;0.05503;1.0;257.07921999999996;0.70833;0.0;0.70833;0.04167;good
;0;0.1859;-167.50335;0.0;0.0;0.0;0.0;0.0;0.0;0.0;0.0;0.11538;-0.19071;0.0;0.0;0.0;0.0;0.0;0.0;0.0;0.0;-0.05128;-0.06571;3.53385;0.08974;613.5686000000001;-0.10897;0.125;118.6491;0.02564;-0.04808;0.16827;0.19551;bad
1000.0;0;1.0;-82.23915;1.0;-0.11326;1984.92;-0.29802;1.0;-0.33075;0.96662;-0.34281;0.85788;-0.47265;;-0.4817;0.73084;-0.65224;0.68131;-346.95024;0.8245;-44118.53544;0.58829;-0.74785;30.164849999999998;-0.96296;1728.4356500000001;-0.85669;0.37941;-1035.2396199999998;0.24117;-0.88846;0.29221;-0.89621;good
1000.0;0;1.0;1005.0;-1.0;1.0;-2000.0;-0.82456;0.34649;0.21053;0.46053;0.07018;0.22807;0.05702;;0.34649;0.72807;-0.03947;0.22807;289.76219999999995;0.0;0.0;-0.29825;-0.16228;45.0;-0.66667;3545.0;-1.0;1.0;-303.08274;0.35088;0.20175;0.82895;0.07895;bad
1000.0;0;1.0;241.97385;0.99815;0.00369;1604.88;-0.30133;0.89919;-0.23486;0.70643;-0.24077;0.73855;-0.30539;;-0.36078;0.47194;-0.61189;0.40473;-300.62214;0.61041;-22155.03552;0.53176;-0.32681;10.7847;-0.52142;1035.4236;-0.4839;0.12777;-483.02462;;-0.51329;0.18353;-0.46603;good
;0;-1.0;1005.0;1.0;-1.0;0.0;0.0;0.0;0.0;1.0;-1.0;1.0;1.0;0.0;0.0;1.0;-1.0;0.0;0.0;0.0;0.0;1.0;1.0;-45.0;1.0;3545.0;-1.0;-1.0;1234.0;-1.0;-1.0;0.0;0.0;bad
1000.0;0;0.92247;-195.45239999999998;0.96419;-0.17674;1740.48;-0.22602;0.81702;-0.2707;0.79271;-0.28909;0.70302;-0.49639;;-0.49967;0.37254;-0.70729;0.2707;-393.71514;0.40506;-30517.25448;0.33509;-0.59691;6.637499999999999;-0.63601;330.11039999999997;-0.59589;-0.07162;-677.81152;-0.0184;-0.54074;-0.07457;-0.47898;good
1000.0;0;-1.0;-1005.0;-0.50694;1.0;2000.0;-1.0;1.0;0.53819;0.0;0.0;0.23958;-1.0;;1.0;0.0;0.0;1.0;546.0;1.0;56334.0;0.0;0.0;;1.0;1181.6548500000001;-1.0;1.0;-1234.0;;-1.0;0.47569;1.0;bad
1000.0;0;0.84177;436.77299999999997;0.5;0.7616;198.32;0.9346;-0.37764;0.88186;-0.72363;0.61181;-0.93882;0.19409;;-0.25527;-0.62869;-0.65612;;-467.67084;0.16245;-48727.783319999995;0.51477;-0.66878;33.70275;-0.28903;2762.86665;0.07933;0.64135;528.48518;;0.62447;-0.00422;0.69409;good
1000.0;0;1.0;1005.0;0.0;0.0;2000.0;-1.0;-1.0;-1.0;1.0;1.0;1.0;-1.0;0.0;0.0;1.0;-1.0;1.0;546.0;0.0;0.0;1.0;-1.0;;-1.0;3545.0;1.0;-1.0;1234.0;-1.0;1.0;0.0;0.0;bad
1000.0;0;1.0;638.6574;1.0;1.0;1542.46;1.0;-0.33333;1.0;-1.0;1.0;0.0;1.0;;1.0;-1.0;0.0;-1.0;-364.00182;-1.0;-52129.23024;-1.0;-0.33333;-14.99985;-1.0;681.8807499999999;-1.0;1.0;-1234.0;0.0;-1.0;1.0;-0.66667;good
;0;-1.0;1005.0;-1.0;-1.0;;0.0;-1.0;1.0;1.0;-1.0;-1.0;-1.0;-2567.0;1.0;0.0;0.0;-1.0;-546.0;-1.0;56334.0;0.0;0.0;45.0;-1.0;3545.0;1.0;1.0;-1234.0;1.0;1.0;0.0;0.0;
;0;1.0;68.77215000000001;1.0;0.14211;2000.0;0.22108;1.0;-0.125;1.0;0.39495;1.0;0.48981;;0.58986;-0.375;1.0;1.0;0.0;1.0;51827.84334;1.0;1.0;;1.0;3545.0;1.0;1.0;308.5;1.0;1.0;1.0;1.0;good
0.0;0;-1.0;-1005.0;0.0;0.0;0.0;0.0;0.0;0.0;0.0;0.0;0.0;0.0;2567.0;-1.0;0.0;0.0;-1.0;-546.0;0.0;0.0;1.0;1.0;45.0;-1.0;3545.0;-1.0;0.0;0.0;0.0;0.0;0.0;0.0;bad
;0;0.64947;-79.3548;0.58264;-0.1438;-262.58;-0.21384;0.29796;0.04403;0.38096;-0.26339;0.28931;-0.31997;88.79253000000001;-0.18947;0.20269;-0.29441;0.15196;-158.62392;0.09513;-17759.2935;0.06556;-0.26795;1.3518000000000001;-0.25124;-1.6307;-0.2321;-0.02612;-260.73186;-0.04717;-0.1895;0.01336;-0.27201;good
1000.0;0;0.0;0.0;0.0;0.0;0.0;0.0;0.0;0.0;1.0;-0.33333;0.16667;0.26042;0.0;0.0;0.0;0.0;0.0;0.0;-0.19792;-12323.0625;-0.16667;0.90625;;0.5;147.72015;0.75;-0.22917;-1234.0;-0.125;-0.27083;-0.19792;-0.9375;bad
1000.0;0;;51.74745;0.99363;0.10123;1922.8400000000001;0.14756;0.95513;-0.26496;0.66026;0.54701;0.80426;0.25283;;0.2738;0.66775;0.28714;0.59615;159.99984;0.52494;16449.528;0.45582;0.28476;17.56035;0.27226;1167.3685;0.25553;0.27381;290.82912;0.22427;0.21378;0.18086;0.19083;good
1000.0;0;1.0;-95.7162;-1.0;-1.0;-2000.0;-1.0;1.0;0.31746;0.81349;0.7619;-1.0;-1.0;;1.0;0.47364;1.0;1.0;546.0;0.68839;-56334.0;-1.0;-1.0;;0.36508;3545.0;1.0;1.0;626.79796;-1.0;-0.3254;-1.0;0.72831;bad
;0;0.93669;-1.9095;0.60761;0.43204;1846.28;-0.40129;0.93123;0.16828;0.96197;0.09061;0.99676;0.08172;;0.05097;0.84628;-0.25324;0.87379;-79.07172;0.84871;14721.764220000001;0.75081;-0.03641;38.046150000000004;-0.02589;3094.53685;-0.02302;0.98544;115.8109;0.78317;-0.10194;0.85841;-0.14725;good
1000.0;0;1.0;-1005.0;1.0;1.0;2000.0;1.0;1.0;-0.5;1.0;1.0;1.0;1.0;2567.0;1.0;0.0;0.0;1.0;546.0;1.0;56334.0;1.0;-1.0;45.0;1.0;3545.0;0.625;1.0;-925.5;-0.75;1.0;1.0;1.0;bad
;0;1.0;231.7329;1.0;-0.78509;2000.0;-0.10401;1.0;0.15414;1.0;0.2782;0.9812;-0.06861;2567.0;0.0661;0.95802;-0.18954;0.83584;-85.35618;0.974;2100.13152;0.99624;0.09242;;-0.01253;3411.6371;-0.04597;0.91165;47.940900000000006;1.0;-0.13722;0.96523;-0.11717;good
;0;0.36876;-1005.0;-1.0;-1.0;;1.0;1.0;0.95041;0.74597;-0.3871;-1.0;-0.79313;-248.40858999999998;1.0;0.48684;0.46502;0.31755;-149.93706;-0.14343;-11372.70792;-0.11976;0.06895;1.35945;0.06639;122.05435000000001;-0.01186;-0.00403;-20.632479999999997;;0.00108;0.00015;0.00325;bad
1000.0;0;0.79847;384.56325;0.80804;-0.16964;2000.0;-0.07653;0.98151;-0.07398;0.70217;0.20663;0.99745;0.02105;;0.02487;1.0;-0.13074;;42.134820000000005;1.0;107.59794000000001;0.90306;0.30804;45.0;-0.14541;3545.0;-0.00394;0.75638;97.58471999999999;1.0;-0.1875;1.0;-0.0574;good
;0;0.0;0.0;0.0;0.0;0.0;0.0;0.0;0.0;0.0;0.0;1.0;1.0;2567.0;1.0;1.0;-1.0;0.0;0.0;1.0;56334.0;1.0;-1.0;45.0;1.0;3545.0;0.0;1.0;1234.0;;-1.0;0.0;0.0;bad
1000.0;0;1.0;-285.7014;1.0;-0.25346;1892.46;-0.35094;1.0;-0.30566;0.92736;-0.49057;0.90818;-0.44119;1943.8094099999998;-0.58899;0.69748;-0.58019;0.59623;-314.38134;0.68459;-39983.0565;0.54465;-0.87327;22.1463;-0.73333;1258.6168;-0.76054;0.26352;-965.4692600000001;0.16604;-0.73145;0.13994;-0.7;good
1000.0;0;0.0;0.0;0.0;0.0;0.0;0.0;-0.85;-1.0;0.0;0.0;1.0;-1.0;0.0;0.0;-1.0;-1.0;-1.0;-546.0;1.0;-56334.0;-0.6;-1.0;45.0;1.0;-3545.0;-0.2;1.0;-1234.0;0.0;1.0;0.0;0.0;bad
1000.0;0;1.0;91.36455000000001;0.95455;-0.09091;1545.46;0.0;1.0;0.0;0.95455;0.0;1.0;0.04545;;-0.04545;1.0;0.0;1.0;0.0;0.86364;5121.32394;0.77273;0.09091;40.90905;0.04545;3245.1284499999997;0.02897;0.95455;112.18294;;-0.09091;0.86364;0.04545;good
0.0;0;0.0;0.0;-1.0;1.0;2000.0;1.0;-1.0;-1.0;0.0;0.0;-1.0;-1.0;-2567.0;-0.3125;-1.0;-1.0;;-546.0;1.0;-56334.0;0.0;0.0;45.0;-1.0;-3545.0;-1.0;0.0;0.0;1.0;-1.0;0.0;0.0;bad
1000.0;0;0.91176;-88.6812;0.97059;0.17647;1647.06;0.08824;0.91176;-0.02941;0.97059;-0.17647;0.97059;0.14706;;0.02941;1.0;0.0;1.0;0.0;0.76471;6627.6951;0.88235;0.02941;38.3823;0.02941;3284.90335;0.026;0.94118;-145.1801;0.97059;0.05882;0.91176;0.05882;
1000.0;0;-1.0;1005.0;-1.0;0.15244;567.08;1.0;-1.0;1.0;-1.0;-1.0;1.0;1.0;;-0.23476;0.28301;-1.0;1.0;546.0;-0.31402;-56334.0;-1.0;-1.0;45.0;-1.0;-3545.0;-0.03578;1.0;-1234.0;;-0.32317;0.14939;1.0;bad
1000.0;0;0.47368;-105.78630000000001;0.83781;0.01756;1663.1;0.02615;0.68421;-0.05263;0.68421;0.0;0.79856;0.05028;2010.34605;0.05756;0.84211;0.47368;1.0;28.73598;0.7255;4298.84754;0.70301;0.08141;18.94725;0.21053;2319.1035500000003;0.08968;0.52632;-259.79402;0.6015;0.09534;0.57418;0.09719;good
;0;-0.00641;-502.5;0.0;0.0;-38.46;1.0;0.0;0.0;0.0;0.0;0.0;0.0;;0.0;0.0;0.0;0.3141;507.50154000000003;-0.35256;41889.399059999996;-0.34615;-0.80769;0.0;0.0;-2181.5221;-0.51282;0.0;0.0;0.0;0.0;0.0;0.0;bad
1000.0;0;1.0;456.82275;1.0;0.54545;;0.63636;1.0;-0.09091;1.0;0.0;0.81818;-0.45455;;0.27273;1.0;-0.63636;1.0;-148.91057999999998;0.90909;-25606.6197;1.0;0.0775;45.0;-0.09091;3545.0;0.08867;1.0;448.73176;1.0;0.63636;0.72727;0.27273;good
;0;-1.0;-1005.0;1.0;-1.0;-2000.0;1.0;0.0;0.0;1.0;-1.0;1.0;-1.0;;0.0;0.0;0.0;0.0;0.0;-1.0;56334.0;1.0;-1.0;-45.0;1.0;3545.0;1.0;0.0;0.0;1.0;0.5;0.0;0.0;bad
1000.0;0;0.45455;91.36455000000001;0.63636;0.09091;545.4599999999999;0.18182;0.63636;0.0;0.36364;-0.09091;0.45455;-0.09091;;-0.01343;0.63636;-0.18182;;0.0;0.36364;-5121.32394;0.27273;0.18182;16.3638;-0.09091;1220.9689;-0.01768;0.27273;0.0;0.36364;0.0;0.28985;-0.01832;good
1000.0;0;-1.0;-599.75385;0.0;0.0;-2000.0;0.64516;-0.87097;1.0;0.0;0.0;0.0;0.0;0.0;0.0;0.0;0.0;0.0;0.0;-1.0;-56334.0;0.0;0.0;;0.23387;3545.0;0.51613;0.0;0.0;0.0;0.0;0.0;0.0;bad
1000.0;0;1.0;143.5743;1.0;0.71429;2000.0;0.71429;1.0;-0.14286;0.85714;-0.14286;1.0;0.02534;;0.0;0.42857;-0.14286;;19.748820000000002;1.0;-16095.187140000002;1.0;0.0;12.856950000000001;-0.28571;3545.0;0.04891;1.0;63.945879999999995;;0.57143;1.0;0.0;good
0.0;0;1.0;1005.0;1.0;-1.0;2000.0;1.0;1.0;1.0;1.0;1.0;1.0;-1.0;2567.0;1.0;1.0;-1.0;;-546.0;1.0;56334.0;1.0;1.0;;-1.0;3545.0;1.0;1.0;1234.0;1.0;1.0;1.0;1.0;bad
1000.0;0;0.87032;472.0686;0.53945;0.82161;207.6;0.95275;-0.38033;0.87916;-0.73939;0.58226;-0.92099;0.16731;-2115.64439;-0.24942;-0.59383;-0.63342;-0.24012;-452.53026;0.18823;-44334.29466;0.51557;-0.5743;;-0.24843;2449.48865;0.10484;0.52798;490.66308;0.25974;0.56573;-0.06739;0.57552;good
0.0;0;1.0;-1005.0;1.0;1.0;2000.0;-1.0;1.0;1.0;1.0;-1.0;1.0;-1.0;;-1.0;1.0;1.0;1.0;546.0;1.0;56334.0;1.0;-1.0;45.0;1.0;3545.0;1.0;1.0;1234.0;1.0;1.0;1.0;-1.0;bad
1000.0;0;0.92657;41.9487;0.89266;0.15766;;0.19791;0.83675;0.36526;0.80619;0.40198;0.76221;0.40552;1709.26262;0.4836;0.60101;0.51752;0.53392;284.9028;0.48435;30539.788080000002;0.42546;0.55684;15.002999999999998;0.55274;956.3701000000001;0.54214;0.22307;659.54832;0.14312;0.49124;0.11573;0.46571;good
0.0;0;1.0;1005.0;1.0;-1.0;;-1.0;1.0;1.0;0.0;0.0;1.0;-1.0;0.0;0.0;0.0;0.0;0.0;0.0;-1.0;56334.0;1.0;1.0;0.0;0.0;3545.0;1.0;0.0;0.0;-1.0;-1.0;0.0;0.0;bad
;0;0.93537;137.13225;0.93716;0.25359;1714.1;0.38779;0.79039;0.47127;0.72352;0.59942;0.6526;0.75;;0.73586;0.41629;0.82742;0.25539;469.29792;0.13712;48230.3541;0.00494;0.88869;-3.3124499999999997;0.7978;-744.27275;0.78004;-0.33169;881.74236;-0.38532;0.64363;-0.47419;0.55835;good
0.0;0;1.0;-1005.0;-1.0;1.0;-2000.0;1.0;1.0;1.0;1.0;1.0;-1.0;-1.0;;-1.0;1.0;1.0;1.0;-546.0;-1.0;-56334.0;-1.0;-1.0;45.0;0.0;3545.0;-1.0;1.0;-1234.0;-1.0;1.0;-1.0;1.0;bad
1000.0;0;0.80627;131.34345;0.73061;0.24323;;0.19038;0.36923;0.45577;0.44793;0.46439;0.25;0.57308;646.67864;0.37115;0.15215;0.51877;-0.09808;313.95;-0.03462;24158.835900000002;-0.08856;0.44424;-6.72435;0.40006;-706.8729999999999;0.34976;-0.23832;364.53594;;0.23896;-0.23846;0.31154;good
0.0;0;1.0;-1005.0;1.0;1.0;2000.0;-1.0;1.0;1.0;1.0;-1.0;1.0;1.0;;-1.0;1.0;-1.0;;546.0;1.0;56334.0;1.0;-1.0;;-1.0;3545.0;-1.0;1.0;1234.0;1.0;-1.0;1.0;1.0;bad
1000.0;0;;131.4741;0.9412;0.20036;1775.66;0.32248;0.89009;0.32711;0.8555;0.45217;0.72298;0.52284;1795.51382;0.5882;0.58548;0.66893;0.48869;384.37308;0.44245;38396.691060000005;0.35289;0.75622;12.0744;0.7621;596.02085;0.78541;0.07497;992.6172600000001;-0.02962;0.77702;-0.10289;0.74242;good
;0;0.0;0.0;1.0;1.0;;0.0;1.0;1.0;0.0;0.0;1.0;-1.0;0.0;0.0;0.0;0.0;0.0;0.0;0.0;0.0;0.0;0.0;0.0;0.0;3545.0;-1.0;0.0;0.0;-1.0;1.0;0.0;0.0;bad
1000.0;0;0.92308;155.28255000000001;0.86399;0.29757;1451.64;0.3679;0.70588;0.5683;0.57449;0.62719;0.4327;0.74676;;0.67697;0.19128;0.76818;0.04686;415.89366;-0.12064;43359.716459999996;-0.18479;0.71327;-13.18095;0.65708;-1375.3890999999999;0.58553;-0.46799;618.61654;-0.53146;0.40732;-0.56231;0.35095;good
0.0;0;0.0;0.0;1.0;1.0;2000.0;1.0;0.0;0.0;0.0;0.0;-1.0;-1.0;0.0;0.0;-1.0;-1.0;;0.0;0.0;0.0;1.0;1.0;0.0;0.0;3545.0;1.0;0.0;0.0;-1.0;1.0;0.0;0.0;bad
1000.0;0;0.88804;383.2869;0.65926;0.69431;582.96;0.87892;-0.06726;0.90135;-0.39597;0.80441;-0.64574;0.56502;-2129.5832;0.26906;-0.7894;-0.08205;-0.6278;-168.94331999999997;-0.46637;-31324.5207;-0.16449;-0.64338;4.3029;-0.61055;1077.8926999999999;-0.48392;0.43227;-368.20092;0.47029;-0.09461;0.42152;0.12556;good
0.0;0;1.0;-1005.0;1.0;1.0;2000.0;1.0;1.0;1.0;1.0;1.0;1.0;-1.0;;1.0;1.0;1.0;1.0;-546.0;1.0;-56334.0;1.0;-1.0;45.0;-1.0;3545.0;1.0;1.0;-1234.0;1.0;1.0;1.0;1.0;
1000.0;0;0.73523;-384.84465;0.80151;0.10278;1576.52;0.15266;0.5558;0.05252;1.0;0.21225;0.71947;0.28954;;0.32925;0.49672;0.17287;0.64333;-15.5337;0.57399;23957.72352;0.5312;0.44872;42.5385;0.57549;1565.9683;0.482;0.12473;1234.0;0.3507;0.49721;0.30588;0.49831;
;0;;0.0;0.0;0.0;0.0;0.0;0.0;0.0;0.0;0.0;0.0;0.0;0.0;0.0;0.0;0.0;0.0;0.0;0.0;0.0;0.0;0.0;0.0;0.0;3545.0;1.0;0.0;0.0;0.0;0.0;0.0;0.0;bad
1000.0;0;0.94649;8.9646;0.97287;-0.0026;1978.44;0.00372;0.95801;0.01598;0.94054;0.0353;0.97213;0.04719;;0.01858;0.94277;0.07135;0.98551;-3.85476;0.9777;2805.4332;0.96358;0.07098;41.9733;0.08101;3376.36435;0.04356;0.97473;10.09412;0.97845;0.07061;1.0;-0.0026;good
0.0;0;1.0;1005.0;-1.0;-1.0;-2000.0;-1.0;0.0;0.0;0.0;0.0;-1.0;-1.0;;0.0;0.0;0.0;0.0;0.0;-1.0;56334.0;1.0;1.0;0.0;0.0;3545.0;-1.0;0.0;0.0;-1.0;-1.0;-1.0;-1.0;bad
1000.0;0;0.50466;-169.845;0.71442;0.01513;1421.26;0.02258;0.68065;0.01282;0.34615;0.05594;0.6905;0.04393;;0.05058;0.67023;0.05692;0.63403;-25.454520000000002;0.64503;3862.25904;0.63077;0.07381;37.81485;0.18065;2124.6957500000003;0.08304;0.38228;83.41839999999999;0.56466;0.09046;0.54632;0.09346;
1000.0;0;0.68729;1005.0;0.91973;-0.76087;1635.4599999999998;0.04348;0.76087;0.10702;0.86789;0.73746;0.70067;0.18227;;0.13712;0.93478;-0.25084;0.70736;102.26034000000001;0.64883;13848.02388;0.60201;0.77425;45.0;-0.53846;3164.3379;0.22216;0.7107;664.45964;;-0.06522;0.56522;0.23913;bad
1000.0;0;0.76296;-78.16890000000001;1.0;-0.2963;2000.0;-0.85741;0.8;0.06111;0.45556;-0.42778;1.0;-0.12581;2567.0;-0.83519;0.49259;0.01852;0.82222;-32.35596;0.98215;-11231.87292;1.0;0.22037;31.3335;-0.26481;3266.6466;-0.24549;0.78889;25.13658;0.87492;-0.27105;1.0;-0.57037;good
1000.0;0;0.38521;156.4182;0.41245;0.07393;529.18;0.24125;0.23346;0.1323;0.19455;0.25292;0.24514;0.36965;229.72083;0.22957;-0.03891;0.36965;0.05058;135.97038;0.24903;5480.17152;0.07782;0.29961;;0.28482;-213.5508;0.26256;-0.14786;182.45924;-0.09339;0.31128;-0.19066;0.28794;bad
1000.0;0;;-31.90875;0.75198;-0.05357;1230.1599999999999;-0.0119;0.53968;0.03373;0.61706;0.09921;0.59127;-0.02381;;0.0119;0.70833;0.02579;0.60317;8.66502;0.47817;-1564.95852;0.59127;0.0377;22.5;0.03968;2172.76595;-0.01237;0.61706;-166.49128000000002;;-0.01389;0.625;-0.03175;good
1000.0;0;;-153.47355000000002;-0.04433;0.05911;167.48;-0.02463;-0.01478;0.18719;0.06404;0.0;0.12315;-0.09852;;0.0;0.0197;-0.02956;-0.12808;-112.9674;0.06897;832.61652;0.06897;0.02956;3.5469;0.16256;995.40055;-0.04926;-0.05911;-115.50240000000001;0.04433;0.05419;0.07389;-0.10837;bad
;0;0.61857;109.0425;0.70694;-0.06935;1407.1599999999999;0.01678;0.74273;0.00224;0.71029;0.15772;0.71588;-0.00224;2047.28518;0.066;0.83669;-0.16555;0.6868;-49.4676;0.62528;-756.0022799999999;0.60962;0.11745;;-0.09508;2476.00525;-0.01673;0.63311;59.355399999999996;0.78859;-0.05145;0.65213;-0.04698;good
;0;;361.28745;0.0;0.0;-592.4000000000001;-1.0;0.0;0.0;0.07595;-0.07342;0.0;0.0;0.0;0.0;0.0;0.0;0.0;0.0;0.00759;38364.01734;-0.2;0.33671;-4.671;0.35696;197.4565;-1.0;0.0;0.0;0.06329;-1.0;0.0;0.0;bad
1000.0;0;0.88103;-8.61285;0.89818;-0.02465;1882.1000000000001;-0.01822;0.89175;-0.12755;0.82208;-0.10932;0.88853;0.01179;2330.37394;-0.13719;0.87138;-0.06109;0.90782;-12.87468;0.87996;-8211.80718;0.82851;-0.12433;40.56255;-0.19507;3128.28525;-0.14903;0.84352;-158.71708;;-0.18542;0.91747;-0.16827;good
;0;0.42708;-502.5;0.0;0.0;0.0;0.0;0.46458;0.51042;0.58958;0.02083;0.0;0.0;0.0;0.0;0.16458;-0.45417;0.59167;-100.09818;0.0;0.0;0.0;0.0;44.4375;-0.40833;-3545.0;-1.0;-0.27917;-933.2125;0.0;0.0;0.0;0.0;bad
1000.0;0;0.88853;16.391550000000002;0.92007;0.01305;1848.8400000000001;0.01359;0.89179;-0.10223;0.90103;-0.08428;0.9304;-0.01033;2389.72298;-0.08918;0.86025;-0.05057;0.89451;-21.97104;0.88418;-6831.06084;0.88907;-0.11909;37.341;-0.14138;3064.75885;-0.11808;0.85536;-161.04933999999997;0.83524;-0.12452;0.86786;-0.12235;good
;0;0.0;0.0;1.0;0.12889;1768.88;-0.02;0.0;0.0;1.0;-0.42444;1.0;0.19556;;-0.05333;1.0;-0.81556;0.0;0.0;1.0;-2253.36;1.0;-0.18667;0.0;0.0;3545.0;-1.0;0.0;0.0;;0.11778;0.90667;-0.09556;bad
1000.0;0;;37.3257;0.85143;-0.00143;1580.0;0.00714;0.79571;-0.04286;0.87571;0.0;0.85571;-0.06714;2218.63243;0.00286;0.82857;-0.05429;;-64.73922;0.76857;-4748.39286;0.84286;-0.05;;-0.06857;2892.6491;-0.08669;0.82571;-128.69386;0.81429;-0.05;0.82143;-0.15143;good
;0;;0.0;0.0;0.0;;0.0;0.0;0.0;0.0;0.0;-1.0;1.0;2567.0;0.55172;0.0;0.0;0.0;0.0;0.0;0.0;0.0;0.0;;0.0;3545.0;1.0;0.0;0.0;0.0;0.0;0.0;0.0;bad
;0;0.4987;18.2709;0.43117;-0.0961;1012.98;-0.04156;0.5013;0.0961;0.44675;0.05974;0.55844;-0.11948;1326.83096;-0.03636;0.52727;-0.05974;0.55325;-5.67294;0.48571;-1902.3991800000001;0.49091;-0.01039;;0.0;1886.47175;-0.0328;0.43117;41.672180000000004;0.54545;-0.05455;0.58961;-0.08571;good
;0;;0.0;0.0;0.0;0.0;0.0;0.0;0.0;0.0;0.0;0.0;0.0;0.0;0.0;0.0;0.0;;0.0;0.0;0.0;0.0;0.0;0.0;0.0;3545.0;-1.0;0.0;0.0;0.0;0.0;0.0;0.0;bad
1000.0;0;1.0;502.5;1.0;0.25;500.0;1.0;0.16851;0.9118;-0.13336;0.80454;-0.34107;0.60793;-1124.8594;0.37856;-0.43663;0.16709;-0.36676;3.7018799999999996;-0.26477;-5084.1435;-0.16178;-0.12964;-3.5019;-0.12744;-74.05505;-0.10242;0.01033;-86.82424;0.02224;-0.04142;0.02249;-0.02017;good
1000.0;0;0.0;0.0;0.0;0.0;2000.0;1.0;-1.0;-1.0;0.0;0.0;1.0;-0.11111;0.0;0.0;0.0;0.0;-1.0;546.0;1.0;56334.0;1.0;-1.0;0.0;0.0;3545.0;-1.0;0.0;0.0;0.0;0.0;1.0;1.0;bad
1000.0;0;0.87048;382.17135;0.64099;0.69212;;0.86625;-0.03933;0.9074;-0.42173;0.79346;-0.70561;0.5156;-2080.52783;0.22735;-0.81136;-0.12539;-0.67474;-208.03692;-0.38334;-35412.11574;-0.13013;-0.70762;6.998399999999999;-0.66421;1366.3848;-0.51568;0.52573;-368.92898;0.56239;-0.05938;0.5146;0.16645;good
1000.0;0;0.0;0.0;0.0;0.0;0.0;0.0;-1.0;1.0;0.0;0.0;1.0;0.37333;;-0.12;0.0;0.0;-1.0;-546.0;0.0;0.0;1.0;-1.0;0.0;0.0;3545.0;0.22667;0.0;0.0;0.0;0.0;0.0;0.0;bad
1000.0;0;0.88179;437.08455000000004;0.59573;0.77655;393.44;0.94537;-0.24103;0.92544;-0.62526;0.71257;-0.86443;0.33652;;-0.05338;-0.77356;-0.44707;-0.4695;-400.1361;-0.10237;-46316.12478;0.26384;-0.7757;25.192800000000002;-0.5591;2557.6111499999997;-0.24433;0.72478;118.45166;0.58137;0.38915;0.34749;0.57656;good
1000.0;0;0.32834;25.326;0.15236;0.21278;298.38;0.74003;-0.25706;0.92324;-0.10312;0.1938;-0.61352;0.25786;-2414.34051;-0.05409;-0.13117;-0.14329;-0.30315;-243.59789999999998;-0.11409;-48220.21398;0.02668;-0.22786;12.5739;-0.06295;1195.97665;-0.11876;0.27657;-140.78706;0.15078;0.13296;0.12197;0.20468;good
;0;0.83427;393.16605;0.5404;0.78579;246.51999999999998;0.89402;-0.33221;0.83578;-0.70086;0.59564;-0.86622;0.21909;-2167.62614;-0.24164;-0.59714;-0.61894;-0.19354;-479.31702;0.12439;-50173.31376;0.51109;-0.72454;35.61435;-0.27734;2942.6336;0.08718;0.66592;605.63486;0.37542;0.70011;-0.03983;0.79444;good
1000.0;0;0.62335;-35.0745;0.59085;0.00481;1208.18;-0.07461;0.63177;0.00963;0.62455;-0.07461;0.67028;0.0722;;-0.08424;0.67509;0.09146;0.67148;0.0;0.58965;5694.24072;0.5006;0.03129;29.67525;0.14079;2143.41335;0.02019;0.51384;54.93767999999999;0.61733;-0.00963;0.61372;-0.09146;good
1000.0;0;0.74449;-24.0195;0.70772;0.03309;1444.8600000000001;0.16912;0.79228;0.07721;0.81434;0.43934;0.63787;0.00551;1816.71724;0.21691;1.0;0.06066;0.61029;28.10262;0.67463;2381.80152;0.52022;-0.25;32.8401;-0.15809;2188.22215;0.07124;0.30882;106.61760000000001;;0.07458;0.60294;0.21691;good
;0;0.61538;190.17615;0.78157;0.0178;1549.72;0.02647;0.65077;-0.10308;0.77538;0.08;0.73961;0.0506;1856.5057399999998;0.05776;0.68615;-0.08923;0.61692;89.04168;0.66233;4266.17382;0.63878;0.08041;27.0693;-0.07231;2084.56635;0.08767;0.55077;317.03927999999996;;0.09207;0.50609;0.09322;good
;0;;54.01875;0.84803;0.00202;;0.00301;0.843;0.09901;0.75813;0.04102;0.81892;0.00585;2072.54446;0.00673;0.80622;-0.12447;0.77935;-19.30656;0.76365;512.0760600000001;0.74635;0.00978;35.8344;-0.04243;2510.7108;0.01096;0.62235;143.11932;0.66624;0.0119;0.64407;0.01227;good
1000.0;0;0.5;0.0;0.38696;0.10435;;0.06522;0.46957;-0.03913;0.35652;-0.12609;0.45652;0.04783;1294.66645;0.02609;0.35652;0.19565;0.42174;80.71517999999999;0.42174;-1469.75406;0.32174;-0.11304;;-0.0087;1481.42005;0.06908;0.38696;48.28642;0.35217;0.14783;0.44783;0.17391;good
1000.0;0;0.7983;94.64085;0.78129;0.20656;1432.56;0.28068;0.6932;0.41252;0.65917;0.50122;0.57898;0.60814;1263.2206999999999;0.58445;0.33354;0.67861;0.29587;346.97208;0.09599;38365.70736;0.02066;0.72236;-3.9366000000000003;0.63183;-422.74125;0.60696;-0.18226;691.2251;;0.51701;-0.27339;0.42467;good
1000.0;0;;98.5101;1.0;0.25101;;0.33044;0.80365;0.5302;0.74977;0.60297;0.56937;0.71942;;0.74079;0.29452;0.82193;0.21137;435.58242;0.09709;46285.14108;-0.01734;0.7987;;0.75596;-809.64255;0.69187;-0.31713;752.0983200000001;-0.40291;0.54522;-0.42815;0.44534;good
1000.0;0;0.8941;134.92125000000001;0.87001;0.31543;1577.92;0.43388;0.63388;0.59975;0.54003;0.71016;0.39699;0.76161;622.9082199999999;0.79523;0.09134;0.79598;-0.09159;416.38506;-0.20201;37702.09284;-0.30263;0.6261;-18.2484;0.50489;-1638.32175;0.40753;-0.50314;336.28968;-0.52823;0.19172;-0.48808;0.05972;good
1000.0;0;0.94631;175.8549;0.90946;0.33143;;0.4996;0.73678;0.63842;0.59215;0.73838;0.48698;0.83614;781.8825300000001;0.90665;0.17959;0.93429;-0.00701;508.37514;-0.1888;50353.01922;-0.33023;0.82492;;0.76482;-2076.05835;0.66335;-0.67929;648.63976;-0.75321;0.42488;-0.8121;0.26092;good
1000.0;0;0.91767;182.8899;0.8609;0.35543;1457.46;0.45747;0.60425;0.69865;0.50376;0.74922;0.361;0.81795;402.09488;0.83558;0.00396;0.8521;-0.1639;425.07738;-0.35996;42922.56462;-0.43087;0.65385;-23.913;0.53886;-2138.6276000000003;0.40972;-0.64511;337.35092000000003;-0.6571;0.13667;-0.64056;0.05394;good
1000.0;0;0.76627;212.1153;0.63935;0.38112;968.1800000000001;0.525;0.15;0.22273;0.13753;0.59565;-0.07727;0.44545;;0.48636;-0.27491;0.42014;-0.56136;201.02628;-0.36591;10626.84576;-0.40533;0.07588;-17.31735;-0.03229;-1203.2439;-0.12486;-0.2754;-243.27076000000002;-0.19962;-0.24648;-0.11894;-0.27218;good
1000.0;0;;-612.3163499999999;0.8543;0.55298;;0.07285;0.56623;0.16225;0.32781;0.24172;0.50331;0.12252;;0.19868;0.71854;0.42715;0.54305;75.93222;0.65232;15669.3021;0.68874;0.07285;23.342399999999998;0.26653;1737.5108500000001;0.27687;0.46216;352.60316;0.43484;0.29324;0.40821;0.29942;good
1000.0;0;;114.41925;0.70019;-0.12144;1631.88;0.09677;0.71157;0.01139;0.56167;-0.0778;0.6907;0.12524;1505.1347799999999;0.03985;0.53131;-0.03416;0.6945;92.20848;0.72676;4062.2447399999996;0.32068;0.05882;23.994449999999997;0.37381;1740.2405;0.17951;0.1518;400.40832;0.44141;0.18897;0.56167;0.1518;
1000.0;0;0.84843;68.2797;0.80562;-0.02299;1540.6200000000001;-0.03299;0.66725;-0.0662;0.59582;-0.07666;0.6726;-0.05771;;-0.06438;0.39199;0.0453;0.71254;7.61124;0.5597;-4528.69026;0.5343;-0.08453;21.1671;-0.22822;1724.96155;-0.09128;0.52613;-105.34658;0.44277;-0.09621;0.42223;-0.09808;good
1000.0;0;1.0;80.53065000000001;0.96775;-0.00482;1933.6599999999999;-0.00722;0.8798;-0.03923;1.0;0.01419;0.96186;-0.01436;2462.95949;-0.01671;0.98497;0.01002;0.91152;-48.31008;0.95016;-1331.73576;0.94636;-0.02591;44.1738;0.02003;3324.2174;-0.03034;1.0;-72.10262;0.92774;-0.03464;0.92226;-0.03673;good
1000.0;0;0.47938;-124.32855;0.42784;-0.12371;1402.0600000000002;-0.39175;0.73196;0.07216;0.26289;-0.21649;0.49485;0.15979;1164.41687;-0.11856;0.42268;0.06186;0.5;-149.1672;0.54639;10453.900380000001;0.42268;0.08247;31.77855;0.19588;1892.8881999999999;-0.12447;0.15464;-324.40626000000003;0.47423;0.04124;0.45361;-0.51546;good
;0;;-44.0994;0.7653;0.02968;1228.6399999999999;0.36028;0.65358;-0.00462;0.64203;0.08314;0.79446;-0.43418;1861.51139;0.54965;0.59584;0.13857;0.6351;119.7924;0.63279;-14311.08936;0.70951;0.15359;29.099249999999998;0.23095;2438.07375;0.17704;0.61663;94.04314;0.66316;0.19841;0.69053;0.36721;good
1000.0;0;0.50112;-36.1398;0.61124;0.01348;1177.52;0.01573;0.58876;0.02472;0.66742;-0.00449;0.71685;-0.04719;1707.4913900000001;0.00899;0.57303;0.02472;0.64719;-40.49136;0.56854;7975.20438;0.57528;-0.03596;20.93265;0.04944;2006.0446000000002;0.00824;0.4764;-44.37464;0.54607;0.10562;0.60674;-0.0809;good
1000.0;0;0.71521;-6.50235;0.66667;-0.04207;1262.14;-0.05178;0.77994;0.08091;0.67314;0.09709;0.64725;0.15858;1545.1799800000001;-0.01942;0.54369;-0.04531;0.46926;-54.77472;0.64725;8386.44258;0.39159;0.21683;23.59215;-0.05502;1598.97225;0.0004;0.31392;-83.86264000000001;0.49191;-0.1068;0.30421;-0.05178;good
;0;0.68148;104.2185;0.77037;0.03457;1303.7;0.08148;0.60988;-0.00494;0.79012;0.11852;0.59753;0.04938;1603.5792299999998;0.0963;0.78272;-0.17531;0.73827;-59.31744;0.48642;556.57992;0.60988;0.08148;30.000149999999998;-0.1284;2260.75285;-0.02451;0.76543;27.41948;0.61235;-0.0716;0.51358;-0.04691;good
1000.0;0;0.60678;-27.255599999999998;0.67119;0.04068;1057.62;-0.04407;0.50508;0.03729;0.70508;-0.07797;0.57966;-0.02034;1366.1574;0.07797;0.64068;0.11864;0.56949;-12.95658;0.5322;381.94451999999995;0.71525;-0.0339;;-0.0339;2029.9379000000001;0.0075;0.58644;-4.18326;0.58983;-0.02712;0.50169;0.0678;good
1000.0;0;0.49515;97.57544999999999;0.29612;0.05825;699.02;0.0;0.57282;-0.02427;0.58252;0.02427;0.33495;0.04854;1345.80109;0.00485;0.47087;-0.1068;0.43204;2.6481;0.34951;3281.4555;0.18932;0.25728;13.9806;-0.15049;1295.59115;0.03815;0.3932;215.65384;;0.0;0.37379;-0.01942;good
1000.0;0;0.98822;21.97935;0.93102;0.341;1678.08;0.35222;0.74706;0.48906;0.73584;0.51879;0.55076;0.60179;;0.66237;0.318;0.70443;0.28379;376.04657999999995;0.07515;41515.90464;0.06338;0.71284;-7.420050000000001;0.69714;-586.9102;0.6051;-0.16209;688.6337000000001;-0.34717;0.44195;-0.33483;0.37465;good
;0;;158.8905;0.90112;0.35237;1640.78;0.48561;0.7176;0.64888;0.58827;0.73743;0.40349;0.83156;645.3438;0.84804;0.047;0.85475;-0.12193;435.42954000000003;-0.2618;45491.958360000004;-0.37835;0.71676;-22.9653;0.58324;-2041.45915;0.4604;-0.61899;380.02264;-0.65754;0.18345;-0.64134;0.02968;good
1000.0;0;0.99701;217.85385;0.91966;0.4703;1538.04;0.62415;0.53312;0.7812;0.36774;0.88291;0.10107;0.83312;-175.24909;0.89274;-0.28269;0.72073;-0.43707;336.81648;-0.55769;27107.9208;-0.65;0.35534;-29.096100000000003;0.15908;-2362.77795;0.02277;-0.64872;-166.12107999999998;-0.54615;-0.22949;-0.47201;-0.35032;good
;0;0.94331;200.58794999999998;0.96132;0.40803;1610.28;0.56569;0.56687;0.7083;0.41836;0.8323;0.14939;0.89489;132.63689;0.93682;-0.24742;0.83939;-0.42811;412.52484;-0.50251;35244.24042;-0.65515;0.50428;-30.98295;0.30912;-2733.08865;0.15619;-0.75406;-54.283660000000005;-0.75199;-0.17921;-0.66932;-0.34367;good
;0;0.93972;282.2241;0.80486;0.52821;1163.3400000000001;0.73151;0.34961;0.80511;0.10797;0.90403;-0.20015;0.89335;-1019.8691;0.82163;-0.58835;0.62867;-0.76305;220.40928;-0.81262;10640.36592;-0.81317;-0.04284;-33.87285;-0.26883;-2241.75165;-0.46438;-0.46422;-758.24364;-0.26389;-0.70835;-0.08937;-0.71273;good
1000.0;0;0.89835;353.32785;0.67333;0.62233;877.9599999999999;0.94353;-0.03643;0.8051;-0.22838;0.75334;-0.25137;0.48816;;0.28415;-0.6675;0.10591;-0.47359;-33.81378;-0.81056;-3386.23674;-0.33197;-0.47592;-5.80365;-0.5362;253.7511;-0.51925;0.24321;-536.51852;0.36586;-0.30057;0.42805;0.13297;good
1000.0;0;0.29073;100.75125;0.23308;0.17293;75.17999999999999;0.34336;0.1203;0.26316;0.06266;0.21303;-0.04725;0.12767;-162.56811;0.07907;-0.06328;0.04097;-0.05431;7.68768;-0.04166;-157.7352;-0.02876;-0.01176;-0.78975;-0.01505;-31.4087;-0.01475;-0.0028;-15.425;0.00096;-0.00948;0.0029;-0.00647;good
1000.0;0;0.58459;-357.03630000000004;1.0;0.35338;1507.52;-0.00564;0.82519;0.19361;0.50188;-0.27632;0.65977;0.06391;;0.14662;0.72368;-0.42669;0.76128;24.63006;0.66917;11542.27326;0.84774;-0.40977;29.182499999999997;-0.04699;2014.8362;-0.10571;0.5282;-164.68964;0.15602;-0.12218;0.44767;-0.10309;good
1000.0;0;0.83609;132.81074999999998;0.72171;0.06059;;0.08315;0.23888;0.12961;0.43837;0.2033;0.49418;0.12686;1148.6554899999999;0.13507;0.29352;0.02922;0.48158;86.02776;0.32835;8233.77744;0.29495;0.14638;11.896199999999999;0.1453;838.07345;0.14314;0.26429;199.13058;0.18767;0.13632;0.16655;0.13198;good
1000.0;0;0.9408;119.92665000000001;0.85738;0.01038;1702.48;0.01546;0.76966;-0.00278;0.84459;0.10916;0.83289;0.03027;;0.03506;0.74838;0.01943;0.80019;13.1313;0.80862;2760.9293399999997;0.80259;0.05352;34.8012;0.0222;2802.6061;0.06235;0.85939;114.15733999999999;0.77863;0.0709;0.77269;0.07508;good
1000.0;0;0.87111;43.4763;0.79946;0.18297;1980.18;0.29292;0.89455;-0.08337;0.88598;-0.02028;0.90446;-0.26724;;0.19964;0.88644;-0.04642;0.84452;-5.4108600000000004;0.97882;-19167.080159999998;0.78954;-0.25101;;-0.09193;3047.53015;-0.02908;0.78774;-50.606339999999996;0.75935;0.21812;0.88238;0.09193;good
1000.0;0;0.74916;25.617449999999998;0.98994;0.09792;1517.1;0.12877;0.74313;-0.09188;0.95842;0.02482;0.97921;-0.00469;2467.1437;0.10195;0.91482;0.03756;0.71026;14.64918;0.81221;-4533.760319999999;1.0;0.0;32.2938;-0.01207;2916.50695;0.02552;0.72435;-13.24082;0.90409;0.11066;0.72837;0.0275;good
1000.0;0;0.47337;196.24635;0.06213;-0.18343;;0.01006;0.45562;-0.04438;0.56509;0.01775;0.44675;0.27515;1837.9206599999998;-0.03846;0.55621;0.12426;0.4142;62.997479999999996;0.52767;1601.0122800000001;0.51183;-0.10651;;-0.02367;1648.9213;0.03259;0.5355;310.32631999999995;0.31953;-0.14497;0.34615;-0.00296;good
;0;0.59887;147.62445;0.69868;-0.13936;1702.44;-0.13936;0.80979;0.02448;0.50471;0.02825;0.6742;-0.0452;2073.90497;-0.13748;0.51412;-0.24482;0.81544;-78.14898000000001;0.70245;-212.37918;0.33333;0.06215;25.25445;-0.33145;2178.1898;-0.16837;0.52731;-25.568479999999997;0.53861;-0.31262;0.6742;-0.22034;good
;0;0.84713;-34.13985;0.86412;-0.08493;1639.06;0.0;0.73673;-0.07643;0.71975;-0.13588;0.74947;-0.11677;;-0.18684;0.78132;-0.21231;0.61996;-55.64286;0.79193;-8850.63474;0.89384;-0.03397;38.2167;-0.26115;2627.37675;-0.23312;0.66242;-275.09562;;-0.37792;0.65817;-0.24841;good
1000.0;0;0.87772;-81.9276;0.83424;0.07337;1695.6599999999999;0.04076;0.77174;-0.02174;0.77174;-0.05707;0.82337;-0.10598;;-0.00543;0.88043;-0.20924;0.83424;17.80506;0.86413;-3367.64652;0.97283;-0.27989;38.2743;-0.1875;2967.3422499999997;-0.10211;0.8587;-40.24074;0.78533;-0.1087;0.79076;-0.00543;good
1000.0;0;0.74704;-133.07205;0.53755;0.16996;1454.54;0.09486;0.69565;-0.11067;0.66798;-0.23518;0.87945;-0.1917;;0.0415;0.63043;-0.00395;0.63636;-64.74468;0.79249;-14250.248640000002;0.66403;-0.28656;30.237299999999998;-0.10474;2192.47615;-0.12041;0.60079;-258.51066000000003;0.37549;0.06917;0.61067;-0.01383;good
;0;0.46785;113.6454;0.5898;0.00665;1108.64;0.06874;0.47894;-0.13969;0.52993;0.0133;0.63858;-0.16186;;-0.03326;0.54545;-0.13525;0.52993;-25.42176;0.47894;-10991.89008;0.50776;-0.13525;18.65835;-0.20177;1911.8185;-0.11455;0.59867;-35.56388;0.53659;-0.11752;0.56319;-0.04435;good
1000.0;0;;276.12375;0.72125;0.42881;;0.63662;0.38825;0.90502;0.09831;0.96128;-0.20097;0.892;-917.3687900000001;0.775;-0.65114;0.6221;-0.78768;248.62109999999998;-0.81856;10756.9773;-0.83943;-0.08079;-35.2503;-0.26356;-2394.89565;-0.45511;-0.54732;-750.98772;-0.30512;-0.667;-0.19312;-0.75597;good
1000.0;0;0.93147;294.2841;0.79917;0.55756;1199.0400000000002;0.71596;0.26203;0.92651;0.04636;0.96748;-0.23237;0.9513;;0.81018;-0.73329;0.62385;-0.90995;197.652;-0.92254;3402.5736;-0.93618;-0.19838;;-0.46906;-2310.0992499999998;-0.69556;-0.41223;-1057.8464999999999;-0.1359;-0.93953;0.10007;-0.94823;
;0;0.88241;307.8717;0.73232;0.57816;682.1800000000001;0.58527;0.05717;1.0;-0.09238;0.92118;-0.62403;0.71996;;0.32558;-0.81422;0.41195;-1.0;-4.2315;-0.78973;-23144.8239;-0.76901;-0.45478;;-0.67605;-1120.5745;-0.81876;-0.02979;-1071.61794;0.25392;-0.82127;0.00194;-0.81686;good
1000.0;0;0.83479;291.37965;0.69256;0.47702;984.68;0.68381;0.21991;0.86761;-0.08096;0.85011;-0.35558;0.77681;-1353.7074499999999;0.58425;-0.7035;0.31291;-0.75821;21.50694;-0.71225;-8628.67878;-0.58315;-0.39168;-16.739549999999998;-0.52954;-600.8775;-0.60863;0.08425;-758.76192;0.25164;-0.48468;0.40591;-0.35339;good
1000.0;0;;333.2982;0.76168;0.62349;;0.84266;0.21592;0.95193;-0.13956;0.96167;-0.47202;0.8359;-1816.0754900000002;0.6549;-0.87474;0.3675;-0.91814;30.5487;-0.89824;-14744.297820000002;-0.73969;-0.54069;-22.84065;-0.74735;-791.35035;-0.86122;0.0781;-1075.54206;;-0.78057;0.59407;-0.6027;good
;0;0.83367;316.13280000000003;0.65541;0.57671;;0.70677;0.17293;0.78947;-0.18976;0.79886;-0.41729;0.66541;-1756.36707;0.47744;-0.74725;0.19492;-0.7218;-26.68302;-0.6203;-15883.371299999999;-0.49165;-0.53463;-11.95965;-0.66014;-54.238499999999995;-0.69706;0.22708;-795.04152;0.431;-0.51206;0.64662;-0.30075;good
;0;0.98455;-27.4968;0.98058;-0.04104;2000.0;-0.07635;0.9872;0.01456;0.95278;-0.02604;0.985;-0.07458;;-0.07149;0.97396;-0.09532;0.97264;-66.74304000000001;0.99294;-2958.6616799999997;0.95278;-0.08914;43.8084;-0.08341;3426.34885;-0.12912;0.93469;-184.06343999999999;0.97132;-0.15755;0.96778;-0.188;good
1000.0;0;0.94052;-15.386550000000002;0.9417;0.01001;1899.88;-0.01472;0.95878;-0.0106;0.94641;-0.0371;0.97173;-0.01767;;-0.03887;0.95465;-0.04064;0.9523;-25.72206;0.94229;-1227.51786;0.92815;-0.04417;41.42205;-0.04476;3286.03775;-0.05827;0.90342;-92.29086;0.91991;-0.07244;0.92049;-0.0742;good
;0;0.97032;-144.5592;0.91324;-0.00228;1931.5;-0.17123;0.9863;0.18265;0.91781;0.00228;0.93607;-0.08447;2344.28708;-0.00228;0.86758;-0.08676;0.97032;-115.93217999999999;1.0;5787.75516;0.92009;-0.05251;41.609700000000004;0.06849;3333.82435;-0.09252;0.97032;-247.92294;;-0.08676;0.96575;-0.21918;good
1000.0;0;0.52542;-34.0695;0.94915;0.08475;;-0.16949;0.30508;-0.01695;0.50847;-0.13559;0.64407;0.28814;;-0.35593;0.54237;0.01695;0.55932;18.5094;0.59322;17186.37672;0.86441;0.05085;18.3051;0.15254;2385.32415;-0.00266;0.66102;-41.8326;0.83051;-0.15254;0.76271;-0.10169;
1000.0;0;0.33333;-251.25;0.44444;0.22222;777.78;0.16667;0.41667;0.13889;0.5;-0.11111;0.54911;-0.08443;1497.40811;0.33333;0.55556;0.02778;0.25;-106.16424;0.47222;-3129.91704;0.52778;-0.02778;17.50005;0.08333;1472.69935;-0.14256;0.19444;-171.39026;0.36924;-0.14809;0.08333;-0.5;good
1000.0;0;0.51207;1005.0;1.0;0.5381;1423.56;0.80833;0.45622;0.46427;0.33081;1.0;0.21249;1.0;;1.0;-0.33081;0.98722;-0.61382;546.0;-0.52674;40390.91466;-0.885;0.47894;-45.0;0.35175;-3545.0;0.09569;-1.0;-206.23842;-1.0;-0.42226;-0.91903;-0.65557;good
1000.0;0;0.75564;498.8619;0.8355;0.54301;1098.32;0.72063;0.35225;0.70792;0.13469;0.94749;-0.09818;0.93778;-965.29468;0.82223;-0.52742;0.71161;-0.68358;371.21994;-0.70163;14058.71304;-0.79147;0.02995;-44.5446;-0.29099;-2493.9784;-0.32792;-0.63312;-236.7429;-0.34131;-0.60454;-0.19609;-0.62956;good
1000.0;0;0.83789;431.18519999999995;0.72113;0.58385;912.5;0.78115;0.1647;0.82732;-0.13012;0.86947;-0.46177;0.78497;-1525.6964500000001;0.5207;-0.7847;0.26529;-0.84014;21.44688;-0.62041;-17661.27234;-0.47412;-0.48905;-16.7841;-0.67796;-179.1643;-0.62691;0.1469;-566.54174;0.37093;-0.39167;0.48319;-0.24313;good
;0;0.93658;352.82535;0.75254;0.6564;911.42;0.88576;0.15323;0.95776;-0.21775;0.96301;-0.56535;0.83397;;0.58045;-0.93104;0.2602;-0.93641;-35.04228;-0.87028;-23068.20966;-0.65079;-0.67464;-16.559549999999998;-0.84951;-162.2901;-0.91221;0.2733;-1058.3030800000001;0.54827;-0.69613;0.74828;-0.44173;good
1000.0;0;0.92436;371.0862;0.71976;0.6842;586.0600000000001;0.94078;-0.11108;0.76527;-0.31605;0.92453;-0.66616;0.78766;-2365.36215;0.42314;-0.94315;0.09585;-1.0;17.42286;-0.66431;-37337.048520000004;-0.4601;-0.78174;-6.068700000000001;-0.88082;700.6692499999999;-0.85137;0.48904;-866.84798;0.69886;-0.46048;0.76066;-0.13194;good
;0;1.0;162.75975;1.0;-0.05558;2000.0;0.01373;1.0;-0.12352;1.0;-0.01511;1.0;-0.01731;2567.0;-0.06374;1.0;-0.07157;1.0;32.214;1.0;-5694.24072;1.0;-0.02685;45.0;-0.22978;3545.0;-0.06823;1.0;102.40965999999999;1.0;-0.14194;1.0;-0.07439;good
1000.0;0;0.95559;-1.55775;0.86421;-0.13244;1899.64;-0.00461;0.82809;-0.51171;0.92441;0.10368;1.0;-0.14247;;-0.02542;0.95853;-0.15518;0.84013;337.09494;1.0;-9194.27214;0.87492;-0.08495;38.58345;-0.01664;2982.4793999999997;-0.01769;0.82427;-23.03878;0.80634;-0.01957;0.78761;-0.02039;good
1000.0;0;0.79378;296.3946;0.64064;0.52312;826.38;0.68158;0.14177;0.83548;-0.16831;0.78772;-0.42911;0.72328;-1467.42555;0.41471;-0.75436;0.16755;-0.69977;-53.813759999999995;-0.57695;-13240.18002;-0.40637;-0.38287;-7.8466499999999995;-0.5254;53.99035;-0.48707;0.1903;-469.64806;0.31008;-0.23199;0.34572;-0.08036;good
1000.0;0;0.88085;354.08160000000004;0.68389;0.65128;;0.79784;0.05832;0.90842;-0.29784;0.8649;-0.62635;0.6959;-1979.3110199999999;0.39309;-0.85803;0.08408;-0.81641;-131.13282;-0.64579;-28179.39348;-0.39766;-0.68337;-5.01615;-0.75533;604.1034500000001;-0.71504;0.40675;-711.38866;0.56626;-0.36765;0.62765;-0.13305;good
1000.0;0;0.89589;394.8243;0.66129;0.71804;590.42;0.90824;-0.04787;0.94415;-0.45725;0.84605;-0.7766;0.58511;;0.25133;-0.92282;-0.15315;-0.76064;-264.28584;-0.50931;-42924.81798;-0.14895;-0.88591;9.71145;-0.85703;1886.9680500000002;-0.68593;0.74846;-501.69503999999995;0.83142;-0.07029;0.76862;0.27926;good
;0;;-241.71255;1.0;-0.20253;1746.84;-0.10127;0.88608;0.01266;1.0;0.11392;0.92405;0.06329;2177.0726999999997;-0.03797;0.63291;-0.36709;0.87342;-6.91236;0.93671;3565.37886;1.0;0.25316;27.91125;-0.37975;3000.38165;-0.0554;1.0;-78.09985999999999;0.53165;0.02532;0.83544;-0.02532;good
1000.0;0;;8.442;0.83312;0.01659;1652.76;0.02469;0.86555;0.01681;0.60504;0.05882;0.79093;0.04731;1987.91047;0.05407;0.64706;0.19328;0.84034;22.94292;0.71285;4012.10748;0.68895;0.07577;29.874149999999997;0.08403;2259.1576;0.08296;0.61345;20.74354;0.58187;0.08757;0.5533;0.08891;good
;0;0.85013;18.180449999999997;0.92211;0.01456;1840.9199999999998;0.0218;0.92765;0.0801;0.87597;0.1137;0.91161;0.0432;;0.05018;0.87339;0.02842;0.95866;0.0;0.89097;3969.8569800000005;0.8843;0.07697;;0.10853;3081.42035;0.0895;0.87597;108.41923999999999;;0.10134;0.84258;0.10698;good
;0;1.0;-11.84895;1.0;-0.00343;2000.0;-0.01565;1.0;-0.01565;1.0;-0.02809;1.0;-0.02187;2562.5847599999997;-0.03087;0.99528;-0.03238;0.99314;-18.847920000000002;1.0;-2186.3225399999997;1.0;-0.05039;45.0;-0.04931;3539.3988999999997;-0.05527;0.994;-77.79136;0.99057;-0.06497;0.98971;-0.06668;good
;0;0.89505;-31.8384;0.87525;0.05545;1790.1000000000001;0.01386;0.92871;0.02772;0.91287;-0.0099;0.94059;-0.01584;2358.58527;0.03366;0.93663;0.0;0.94257;7.56756;0.90495;446.16528;0.88713;-0.01782;40.18815;0.02376;3155.1209;0.01611;0.88119;2.44332;;0.04158;0.86733;0.02376;good
1000.0;0;0.90071;17.818649999999998;1.0;-0.01773;1801.42;0.00709;0.84752;0.05674;1.0;0.03546;0.97872;0.01064;2503.28706;0.03546;1.0;-0.03191;0.89716;-17.42286;0.8617;4394.615339999999;1.0;0.0922;40.53195;0.0461;3343.11225;0.03247;0.94681;30.627879999999998;1.0;0.01064;0.93617;0.02128;good
1000.0;0;0.39394;-243.6321;0.62655;0.0127;909.1;0.09091;0.63636;0.09091;0.21212;-0.21212;0.57576;0.15152;1011.2439800000001;0.0;0.56156;0.04561;0.51515;16.5438;0.78788;10242.64788;0.30303;-0.15152;;0.05929;1643.5329;0.06142;0.33333;-37.3902;0.41856;0.0641;0.39394;0.24242;good
1000.0;0;0.86689;361.2975;0.72014;0.66667;744.02;0.83049;0.08646;0.85893;-0.24118;0.86121;-0.51763;0.67577;-1763.8883799999999;0.41524;-0.77019;0.09898;-0.69397;-74.53992;-0.49488;-23776.89138;-0.32537;-0.57679;-1.2798;-0.59954;544.512;-0.53127;0.32309;-457.66591999999997;0.46189;-0.19681;0.40956;0.0182;good
1000.0;0;0.89563;381.06585;0.67311;0.69438;718.3199999999999;0.88696;-0.04193;0.93345;-0.38875;0.84414;-0.67274;0.62078;-2122.3956;0.30356;-0.8615;-0.05365;-0.73564;-187.1415;-0.51778;-35176.63962;-0.23428;-0.73855;3.1099500000000004;-0.73856;1188.6739499999999;-0.62296;0.52414;-519.34124;0.61217;-0.17343;0.60073;0.0866;good
1000.0;0;0.90547;413.18565;0.65354;0.74761;598.42;0.95905;-0.13342;0.9782;-0.52236;0.83263;-0.79657;0.55086;;0.15192;-0.93001;-0.25554;-0.71863;-324.20934;-0.41546;-47999.384699999995;-0.0225;-0.93788;16.3431;-0.85368;2394.2221;-0.61959;0.85977;-347.03781999999995;0.88654;0.098;0.75495;0.46301;good
;0;1.0;1005.0;0.367;0.06158;259.85999999999996;0.92713;-0.27586;0.93596;-0.31527;0.37685;-0.87192;0.36946;;-0.08867;-0.38916;-0.34236;-0.46552;-450.51552;-0.05419;-52726.37064;0.25616;-0.20443;33.2064;-0.4595;3029.94695;-0.06831;1.0;1234.0;0.3867;0.00246;0.17758;0.7979;good
1000.0;0;1.0;517.72575;0.45455;0.33333;121.22;0.36364;-0.32104;0.73062;-0.45455;0.48485;-0.57576;0.0;-1477.97592;-0.12121;-0.33333;-0.48485;-0.09091;-463.27008;0.48485;-32434.86384;0.57576;-0.42424;;-0.39394;2586.46745;0.12331;0.9697;710.48784;0.24242;0.36364;0.09091;0.33333;
1000.0;0;0.8811;0.0;0.94817;-0.02744;1871.96;-0.0122;0.90244;0.01829;0.90244;0.01829;0.93902;0.00915;2457.44044;0.00305;1.0;0.02744;0.94207;-6.6612;0.90854;1373.98626;0.91463;0.05488;44.86275;0.04878;3178.6597;0.02226;0.90854;11.2911;1.0;0.05488;0.97561;-0.0122;good
;0;0.82624;81.9678;0.79078;-0.08156;1808.52;-0.01773;0.92908;0.01064;0.80142;0.08865;0.94681;-0.00709;2421.34842;0.0;0.93262;0.20213;0.95035;-3.87114;0.91489;399.40806;0.80496;0.07092;41.01075;0.15957;3173.73215;0.08165;0.7766;83.14692;0.92553;0.18085;0.92553;0.0;good
1000.0;0;;106.9119;0.88706;0.00982;;0.01471;0.87234;-0.01418;0.7305;0.10638;0.87657;0.02912;2239.32245;0.03382;0.95745;0.07801;0.95035;23.2323;0.85597;2671.92162;0.84931;0.05178;39.2553;0.11348;2957.55805;0.06014;0.74468;-43.757639999999995;0.8171;0.068;0.80774;0.07173;good
;0;0.87578;37.45635;0.89951;0.00343;1784.2;0.0051;0.86335;0.0;0.95031;0.07453;0.87021;0.00994;;0.01151;0.83851;-0.06211;0.85714;13.56264;0.84182;903.0340199999999;0.83486;0.01749;35.77635;-0.04348;2910.83495;0.02033;0.81988;107.30864;0.80757;0.02308;0.80088;0.02441;good
;0;0.97513;7.1355;0.98579;0.01954;2000.0;0.01954;0.9929;0.01599;0.95737;0.02309;0.97158;0.03552;2567.0;0.0373;0.97869;0.02131;0.98579;31.03464;0.97158;2701.77864;0.94494;0.05506;;0.03552;3457.793;0.06477;0.94849;100.83014;;0.06217;0.98934;0.09947;good
1000.0;0;1.0;11.105250000000002;1.0;0.01105;2000.0;0.0232;0.99448;-0.01436;0.99448;-0.00221;0.98343;0.0232;2567.0;0.00884;0.97569;0.00773;0.97901;9.047220000000001;0.98011;373.49442;0.98122;0.02099;43.70715;-0.00663;3475.26985;0.016;0.97901;19.08998;0.98564;0.02099;0.98674;0.02762;good
1000.0;0;1.0;-13.4871;1.0;0.01566;2000.0;-0.00224;1.0;0.06264;0.97763;0.04474;0.95973;0.02908;2567.0;0.06488;0.98881;0.03356;1.0;19.54134;0.99776;5293.14264;0.95749;0.07383;45.0;0.10067;3544.61005;0.08763;0.99105;104.90234000000001;1.0;0.10067;1.0;0.10067;good
;0;0.8842;369.07620000000003;0.67123;0.67382;792.26;0.86399;0.02424;0.93182;-0.35148;0.83713;-0.60316;0.58842;-2019.15086;0.38778;-0.83285;-0.00642;;-179.97798;-0.52504;-30377.54616;-0.27377;-0.68126;;-0.69774;922.6926000000001;-0.60678;0.44569;-535.34622;0.54209;-0.21542;0.56286;0.02823;good
;0;0.90147;419.9493;0.64131;0.75725;;0.95148;-0.20449;0.96534;-0.55483;0.81191;-0.81857;0.50949;;0.10345;-0.91456;-0.31412;-0.70163;-357.41706;-0.32354;-50136.696659999994;0.05865;-0.94172;20.01735;-0.82154;2627.02225;-0.55231;0.89415;-231.0665;0.87893;0.20359;0.70555;0.54852;good
;0;0.32789;110.9721;0.1597;0.29308;280.4;0.74485;-0.25131;0.91993;-0.16503;0.26664;-0.63714;0.24865;-2506.6755000000003;-0.00337;-0.23227;-0.19909;-0.30522;-266.91756000000004;-0.14426;-50695.52994;0.09345;-0.28916;12.73815;-0.1856;1403.78455;-0.11498;0.31005;69.27676;0.21443;0.2054;0.13376;0.26422;good
1000.0;0;0.65845;438.35085;0.44681;0.74804;106.38;0.85106;-0.32027;0.82139;-0.68253;0.52408;-0.84211;0.07111;-2125.75837;-0.28723;-0.47032;-0.71725;-0.04759;-469.57092;0.23292;-42991.85544;0.56663;-0.52128;33.435;-0.18645;2650.1711;0.23713;0.45185;728.9361399999999;0.20549;0.76764;-0.18533;0.74356;good
1000.0;0;0.19466;57.53625;0.04198;0.25191;-211.14;0.48866;-0.18321;-0.18321;-0.41985;0.06107;-0.4542;0.0916;-421.29603999999995;-0.30534;-0.10305;-0.39695;0.18702;-95.86122;0.34012;-6733.60302;0.28626;-0.16031;9.74025;0.24692;138.71585;0.31092;-0.03817;324.98623999999995;-0.16794;0.16794;-0.30153;-0.33588;good
1000.0;0;0.98002;0.75375;1.0;0.0;1979.64;-0.00075;0.94721;0.02394;0.977;0.0213;0.97888;0.03073;2545.6939;0.02338;0.93929;0.05713;0.93552;28.823339999999998;0.97738;3111.89016;1.0;0.06241;;0.08107;3428.33405;0.07255;0.95701;99.80591999999999;0.9819;0.08126;0.97247;0.08616;good
1000.0;0;0.82254;-76.09859999999999;0.80462;0.00231;1750.28;-0.01214;0.86821;-0.07514;0.72832;-0.11734;0.84624;0.05029;2133.71607;-0.07399;0.74798;0.06705;0.78324;34.71468;0.86763;-1335.1158;0.78844;-0.06012;;-0.0237;2719.61765;-0.02731;0.74046;-94.1542;0.70058;-0.0422;0.78439;0.01214;good
1000.0;0;0.35346;-138.3684;0.69387;-0.02423;1363.8999999999999;-0.03574;0.55717;-0.06119;0.61836;-0.10467;0.62099;-0.06527;;-0.07289;0.42271;-0.26409;0.58213;27.25632;0.49736;-4941.0551399999995;0.46241;-0.08989;20.2536;-0.00564;1387.7257;-0.09038;0.35588;-127.17604;0.32232;-0.08637;0.28943;-0.083;good
1000.0;0;0.76046;10.974599999999999;0.86335;0.00258;1716.42;0.00384;0.79988;0.02304;0.81504;0.12068;0.83096;0.00744;2100.19105;0.00854;0.82777;-0.06974;0.76531;21.19026;0.76979;646.71432;0.75071;0.01232;34.7121;-0.00303;2512.9087;0.01375;0.66161;10.476659999999999;0.66298;0.01484;0.63887;0.01525;good
;0;0.66667;-13.7283;0.97404;0.06831;991.8000000000001;0.50137;0.75683;-0.00273;0.65164;-0.14071;0.40164;-0.48907;1006.4693599999999;0.58743;0.76776;0.31831;0.78552;61.910940000000004;0.47541;-25319.316300000002;1.0;0.00683;27.2952;0.06967;2433.8552;0.17088;0.87568;96.09158;0.55328;0.2459;0.13934;0.48087;good
1000.0;0;0.83508;83.39489999999999;0.73739;-0.14706;1686.98;-0.05567;0.90441;-0.04622;0.89391;0.1313;0.81197;0.06723;2035.81069;-0.08929;1.0;-0.02101;0.96639;36.134280000000004;0.87605;650.6577;0.77521;0.06618;42.9201;-0.04202;2959.33055;0.00123;1.0;158.13709999999998;;-0.10714;0.90546;-0.04307;good
;0;0.95113;4.21095;0.95183;-0.02723;1868.76;-0.0192;0.9459;0.01606;0.9651;0.03281;0.94171;0.0733;2429.0237500000003;-0.01326;0.97173;0.0014;0.94834;32.96748;0.9267;4738.81608;0.93124;0.10087;42.534;0.01361;3315.3549000000003;0.04925;0.93159;100.79312;0.94066;-0.00035;0.91483;0.04712;good
1000.0;0;0.94701;-0.3417;0.93207;-0.03227;1903.54;-0.03431;0.95584;0.02446;0.94124;0.01766;0.92595;0.04688;;-0.01461;0.94837;0.02004;0.93784;7.60578;0.91406;4324.76118;0.8947;0.06148;42.2946;0.03193;3278.73505;0.02542;0.9212;27.66628;0.92459;0.00442;0.92697;-0.00577;good
1000.0;0;0.90608;-16.65285;0.98122;-0.01989;1913.8200000000002;-0.03646;0.85746;0.0011;0.89724;-0.03315;0.89061;-0.01436;;-0.0453;0.91381;-0.00884;;-70.58688000000001;0.88729;684.4581;0.92155;-0.0232;40.9725;-0.02099;3160.26115;-0.0776;0.82983;-212.71692000000002;;-0.03757;0.87403;-0.16243;good
;0;0.8471;136.00665;0.73638;-0.06151;1757.46;0.0826;0.88928;-0.09139;0.78735;0.06678;0.80668;-0.00351;2034.65554;-0.01054;0.85764;-0.04569;0.8717;-19.1919;0.81722;-5346.0966;0.71002;0.04394;38.91015;-0.15114;2876.66115;-0.04822;0.78207;-8.67502;0.75747;-0.06678;0.85764;-0.06151;good
