Ca@Na@glass age, year@Al@Ba@RI@Fe@country of origin@K@Mg@Si@Type_of_glass
8.75@13.64@45.0@1.1@0.0@1.52101@0.0@Шир@0.06@4.49@71.78@окно
7.83@@26.0@1.36@0.0@@0.0@Гондор@0.48@3.6@72.73@окно
7.78@13.53@66.0@1.54@0.0@1.51618@0.0@Гондор@0.39@3.55@72.99@окно
8.22@13.21@73.0@1.29@@1.51766@@Шир@0.57@3.69@72.61@окно
8.07@13.27@77.0@1.24@0.0@1.51742@0.0@Мордор@0.55@3.62@73.08@окно
8.07@@@1.62@0.0@1.51596@0.26@Рохан@0.64@3.61@72.97@окно
8.17@13.3@19.0@1.14@0.0@1.51743@0.0@Гондор@0.58@3.6@73.09@окно
8.24@13.15@20.0@1.05@@1.51756@0.0@Рохан@0.57@3.61@73.24@окно
8.3@14.04@94.0@1.37@0.0@1.51918@0.0@Мордор@0.56@3.58@72.08@окно
8.4@13.0@88.0@1.36@0.0@1.51755@0.11@Мордор@0.57@3.6@72.99@окно
8.09@12.72@@1.56@0.0@@0.24@Рохан@0.67@3.46@73.2@окно
8.56@12.8@78.0@1.27@0.0@1.51763@0.0@Шир@0.6@3.66@73.01@окно
8.05@12.88@94.0@1.4@0.0@1.51589@@Шир@0.69@3.43@73.28@окно
8.38@12.86@48.0@1.27@@1.51748@0.17@Гондор@0.54@3.56@73.21@окно
8.5@12.61@51.0@1.31@0.0@1.51763@0.0@Шир@0.58@3.59@73.29@окно
8.39@12.81@81.0@1.23@0.0@1.51761@@Шир@0.58@3.54@73.24@окно
8.7@12.68@27.0@1.16@0.0@1.51784@@Рохан@0.61@3.67@73.11@окно
9.15@14.36@70.0@@0.0@1.52196@0.0@Мордор@0.15@3.85@71.36@окно
8.89@13.9@87.0@1.18@0.0@@0.0@Мордор@0.06@3.73@72.12@окно
8.44@13.02@12.0@1.69@0.0@1.51735@0.07@Шир@0.54@3.54@72.73@окно
8.52@12.82@12.0@1.49@@1.5175@0.19@Шир@0.54@3.55@72.75@окно
9.0@14.77@@0.29@@1.51966@0.0@Рохан@0.03@3.75@72.02@окно
8.7@12.78@55.0@1.29@@1.51736@0.0@Мордор@0.59@3.62@72.79@окно
8.59@12.81@99.0@1.35@@1.51751@@Гондор@0.62@3.57@73.02@окно
8.43@13.38@43.0@1.15@0.0@@@Мордор@0.5@3.5@72.85@окно
8.53@@@1.21@0.0@1.51764@0.0@Шир@0.65@3.54@73.0@окно
8.43@13.21@@1.41@0.0@1.51793@0.0@Рохан@0.59@3.48@72.64@окно
8.43@12.87@39.0@1.33@@1.51721@0.0@Мордор@0.56@3.48@73.04@окно
8.54@12.56@97.0@1.43@0.0@@@Мордор@0.57@3.52@73.15@окно
8.49@13.08@39.0@1.28@@1.51784@0.0@Шир@0.6@3.49@72.86@окно
8.69@12.65@17.0@1.3@@1.51768@0.14@Гондор@0.61@3.56@73.08@окно
8.55@12.84@82.0@1.14@0.0@1.51747@0.0@Шир@0.56@3.5@73.27@окно
8.56@12.85@82.0@1.23@0.09@1.51775@0.22@Шир@0.61@3.48@72.97@окно
8.55@12.57@60.0@1.38@0.0@1.51753@0.06@Рохан@0.6@3.47@73.39@окно
@12.69@56.0@1.34@0.0@@0.0@Рохан@0.57@3.54@72.95@окно
8.57@13.29@46.0@@@@0.0@Гондор@0.56@3.45@72.74@окно
8.78@13.89@@1.32@0.11@1.51909@0.0@Шир@0.51@3.53@71.81@окно
8.68@12.74@20.0@1.35@0.0@1.51797@0.0@Шир@0.64@3.48@72.96@окно
@14.21@66.0@0.47@0.0@1.52213@0.0@Шир@0.11@3.82@71.77@окно
9.57@14.21@@0.47@@1.52213@0.0@Шир@0.11@3.82@71.77@окно
8.77@12.79@39.0@1.12@@1.51793@0.0@Гондор@0.64@3.5@73.03@окно
8.64@12.71@46.0@1.2@0.0@1.51755@0.0@Шир@0.59@3.42@73.2@окно
@13.21@74.0@1.33@0.0@1.51779@0.0@Шир@0.59@3.39@72.76@окно
9.74@13.73@93.0@@0.0@1.5221@0.0@Рохан@0.17@3.84@71.76@окно
8.76@12.73@@1.19@0.0@1.51786@0.3@Мордор@0.62@3.43@72.95@окно
9.0@13.49@32.0@1.35@0.0@1.519@0.0@Мордор@0.55@3.48@71.95@окно
8.83@@96.0@1.18@0.0@1.51869@0.16@Мордор@0.57@3.37@72.72@окно
9.82@13.99@99.0@@0.0@@0.1@Рохан@0.02@3.7@71.57@окно
10.02@13.21@17.0@0.79@0.0@@0.0@Шир@0.13@3.77@71.99@окно
8.91@13.58@@1.23@0.0@1.51898@@Рохан@0.59@3.35@72.08@окно
10.06@13.72@78.0@0.51@0.0@1.5232@@Гондор@0.09@3.72@71.75@окно
9.14@13.2@73.0@1.28@0.0@1.51926@0.11@Шир@0.6@3.33@72.36@окно
9.03@13.43@74.0@@0.0@1.51808@0.0@Мордор@0.55@2.87@72.84@окно
9.07@13.14@79.0@1.28@0.0@1.51837@@Шир@0.55@2.84@72.85@окно
9.02@@@1.29@0.0@1.51778@0.09@Мордор@0.51@2.81@72.98@окно
9.06@12.45@62.0@1.29@0.0@1.51769@0.24@Мордор@0.56@2.71@73.7@окно
@12.99@81.0@1.12@0.0@1.51215@0.31@Гондор@0.62@3.47@72.98@окно
@12.87@1.0@1.29@0.0@@0.0@Мордор@0.6@3.48@72.95@окно
8.03@13.48@@1.17@0.0@1.51754@0.0@Гондор@0.59@3.74@72.99@окно
8.27@@57.0@1.19@0.0@1.51754@0.11@Рохан@0.57@3.66@72.79@окно
@13.6@84.0@1.11@0.0@1.51905@0.0@Гондор@0.14@3.62@72.64@окно
8.67@13.81@51.0@1.32@0.69@@0.0@Гондор@0.12@3.58@71.72@окно
9.54@@36.0@0.88@0.0@1.52172@0.11@Гондор@0.23@3.86@71.79@окно
9.69@14.17@@0.78@@1.52227@0.0@Шир@0.0@3.81@71.35@окно
9.61@13.48@@0.9@0.0@@0.07@Гондор@0.18@3.74@72.01@окно
9.4@13.69@7.0@1.12@0.0@1.52099@0.0@Гондор@0.09@3.59@71.96@окно
9.85@13.05@83.0@0.87@0.0@1.52152@0.17@Мордор@0.19@3.65@72.22@окно
9.85@13.05@62.0@0.87@0.0@@0.17@Мордор@0.19@3.65@72.32@окно
9.82@@@0.9@@1.52152@0.16@Мордор@0.23@3.58@72.2@окно
10.17@13.31@22.0@0.82@0.0@@0.03@Рохан@0.12@3.58@71.99@окно
7.36@14.86@@1.74@0.0@1.51574@0.12@Шир@0.16@3.67@71.87@стекло кареты
8.32@13.64@8.0@1.27@0.0@1.51848@0.32@Гондор@0.54@3.87@71.96@стекло кареты
7.83@13.09@61.0@1.52@@1.51593@@Рохан@0.67@3.59@73.1@стекло кареты
7.89@13.34@22.0@1.57@0.0@1.51631@0.0@Шир@0.61@3.57@72.87@стекло кареты
7.9@13.02@93.0@1.54@0.0@@0.0@Гондор@0.72@3.56@73.11@стекло кареты
7.96@13.02@66.0@1.51@@1.5159@0.0@Шир@0.69@3.58@73.12@стекло кареты
8.03@13.44@79.0@1.54@0.0@1.51645@0.0@Шир@0.66@3.61@72.39@стекло кареты
8.04@13.0@17.0@1.54@0.0@1.51627@0.0@Гондор@0.61@3.58@72.83@стекло кареты
7.94@13.92@33.0@1.25@0.0@1.51613@0.14@Шир@0.37@3.52@72.88@стекло кареты
7.97@12.82@60.0@1.9@0.0@1.5159@0.0@Гондор@0.69@3.52@72.86@стекло кареты
7.97@12.86@60.0@2.12@0.0@@0.0@Шир@0.69@3.52@72.66@стекло кареты
7.86@13.25@80.0@1.43@0.0@@0.0@Гондор@0.61@3.45@73.17@стекло кареты
8.1@13.41@78.0@1.25@0.0@1.51646@0.0@Рохан@0.68@3.55@72.81@стекло кареты
8.05@13.09@@1.55@0.0@1.51594@@Мордор@0.68@3.52@72.87@стекло кареты
7.08@14.25@39.0@@0.0@1.51409@0.0@Шир@1.1@3.09@72.28@стекло кареты
8.21@13.36@98.0@1.49@0.0@1.51625@0.0@Гондор@0.45@3.58@72.72@стекло кареты
8.03@13.24@@1.47@0.0@1.51569@0.0@Рохан@0.38@3.49@73.25@стекло кареты
8.08@13.4@79.0@@0.0@@@Гондор@0.67@3.49@72.65@стекло кареты
8.12@13.01@21.0@1.48@0.0@@0.0@Гондор@0.6@3.5@72.89@стекло кареты
8.08@12.55@35.0@@0.0@1.5164@0.09@Мордор@0.63@3.48@73.23@стекло кареты
8.96@12.93@59.0@1.11@0.0@1.51841@0.22@Мордор@0.64@3.74@72.28@стекло кареты
8.27@12.9@13.0@1.45@0.0@1.51605@0.0@Шир@0.44@3.44@73.06@стекло кареты
8.39@13.12@@1.58@@1.51588@0.19@Шир@0.07@3.41@73.26@стекло кареты
8.22@13.24@59.0@1.47@0.0@1.5159@0.0@Шир@0.39@3.34@73.1@стекло кареты
8.24@12.71@53.0@1.49@0.0@1.51629@@Шир@0.67@3.33@73.28@стекло кареты
8.6@13.36@44.0@1.43@0.0@@0.0@Гондор@0.51@3.43@72.26@стекло кареты
@13.02@72.0@@0.0@1.51841@0.15@Мордор@0.64@3.62@72.34@стекло кареты
8.9@12.2@52.0@1.16@0.0@1.51743@@Шир@0.62@3.25@73.55@стекло кареты
8.54@12.67@72.0@1.71@0.0@1.51689@0.0@Рохан@0.73@2.88@73.21@стекло кареты
8.79@@64.0@1.43@0.14@1.51811@0.0@Мордор@0.6@2.96@72.92@стекло кареты
8.79@12.75@76.0@1.44@0.11@1.51655@0.22@Гондор@0.57@2.85@73.27@стекло кареты
9.23@12.35@78.0@1.63@0.0@1.5173@@Гондор@0.7@2.72@72.87@стекло кареты
9.42@12.62@48.0@0.83@0.0@@0.2@Мордор@0.35@2.76@73.81@стекло кареты
11.64@13.8@36.0@0.66@0.0@1.52725@0.0@Мордор@0.08@3.15@70.57@стекло кареты
@13.83@56.0@@0.0@1.5241@0.0@Шир@0.08@2.9@71.15@стекло кареты
13.24@11.45@@1.88@0.0@1.52475@@Гондор@0.81@0.0@72.19@стекло кареты
@@63.0@2.1@3.15@@0.28@Шир@0.58@0.0@69.81@стекло кареты
16.19@12.3@41.0@@0.0@1.53393@0.24@Мордор@0.12@0.0@70.16@стекло кареты
11.52@14.43@55.0@1.0@0.0@1.52222@0.08@Шир@0.1@0.0@72.67@стекло кареты
10.99@13.72@53.0@0.56@0.0@@@Рохан@0.0@0.0@74.45@стекло кареты
14.68@11.23@68.0@0.77@0.0@1.52664@0.0@Мордор@0.0@0.0@73.21@стекло кареты
14.96@11.02@87.0@0.75@0.0@1.52739@0.0@Мордор@0.0@0.0@73.08@стекло кареты
@12.64@3.0@0.67@0.0@1.52777@@Рохан@0.06@0.0@72.02@стекло кареты
8.21@13.46@50.0@1.26@0.0@1.51892@@Рохан@0.57@3.83@72.55@стекло кареты
8.43@13.1@40.0@1.19@0.0@1.51847@0.0@Шир@0.6@3.97@72.44@стекло кареты
8.28@13.41@35.0@@0.0@1.51846@0.0@Шир@0.51@3.89@72.38@стекло кареты
8.31@13.24@75.0@@@1.51829@0.1@Мордор@0.55@3.9@72.33@стекло кареты
7.88@13.72@1.0@@0.0@1.51708@0.0@Рохан@0.64@3.68@72.06@стекло кареты
8.03@13.3@7.0@1.53@@@0.29@Мордор@0.65@3.64@72.53@стекло кареты
7.96@13.56@47.0@1.47@0.0@1.51652@0.0@Мордор@0.64@3.57@72.45@стекло кареты
8.42@13.25@@1.32@0.0@1.51844@0.0@Мордор@0.58@3.76@72.4@стекло кареты
@12.93@56.0@1.62@0.0@1.51663@0.21@Гондор@0.64@3.54@72.96@стекло кареты
8.1@@19.0@1.48@0.0@1.51687@0.0@Гондор@0.56@3.54@72.84@стекло кареты
7.99@13.48@90.0@1.71@0.0@1.51707@@Шир@0.62@3.48@72.52@стекло кареты
8.52@13.2@99.0@@0.0@@0.0@Гондор@0.54@3.68@72.75@стекло кареты
8.55@12.93@75.0@1.56@@1.51872@0.12@Рохан@0.58@3.66@72.51@стекло кареты
8.6@12.94@33.0@@0.0@1.51667@@Мордор@0.56@3.61@72.75@стекло кареты
9.85@13.78@80.0@1.43@@1.52081@0.17@Шир@0.49@2.28@71.99@стекло кареты
9.57@13.55@40.0@1.67@0.27@1.52068@@Шир@0.53@2.09@72.18@стекло кареты
10.56@13.98@7.0@1.63@0.0@1.5202@0.18@Рохан@0.39@1.35@71.76@стекло кареты
11.14@13.75@31.0@1.36@0.0@1.52177@0.0@Гондор@0.33@1.01@72.19@стекло кареты
13.44@13.7@79.0@1.36@0.0@1.52614@0.1@Рохан@0.19@0.0@71.24@стекло кареты
8.15@13.43@29.0@1.18@@1.51813@@Рохан@0.58@3.98@72.49@стекло кареты
8.21@@@1.54@0.0@1.518@0.15@Гондор@0.54@3.93@71.81@стекло кареты
@13.33@63.0@1.25@0.0@@0.0@Рохан@0.52@3.85@72.78@стекло кареты
8.44@13.19@31.0@1.3@0.0@1.51789@0.28@Гондор@0.55@3.9@72.33@стекло кареты
@13.0@@1.08@0.0@1.51806@0.12@Гондор@0.56@3.8@73.07@стекло кареты
8.11@12.89@41.0@1.57@0.0@1.51711@@Мордор@0.61@3.62@72.96@стекло кареты
7.9@12.79@82.0@@0.0@1.51674@0.0@Шир@0.66@3.52@73.36@стекло кареты
7.99@12.87@43.0@1.64@@1.51674@0.0@Мордор@0.65@3.56@73.14@стекло кареты
8.11@13.33@@1.61@0.0@1.5169@@Рохан@0.68@3.54@72.54@стекло кареты
@13.2@78.0@1.07@0.09@1.51851@0.17@Мордор@0.57@3.63@72.83@стекло кареты
8.23@12.85@27.0@1.44@0.06@1.51662@@Шир@0.68@3.51@73.01@стекло кареты
8.18@13.0@@1.79@0.0@1.51709@@Рохан@0.66@3.47@72.72@стекло кареты
8.81@12.99@52.0@@0.0@1.5166@@Мордор@0.58@3.18@72.97@стекло кареты
8.68@12.85@85.0@@0.0@1.51839@0.35@Гондор@0.62@3.67@72.57@стекло кареты
@13.65@34.0@1.11@0.0@1.51769@0.0@Шир@0.11@3.66@72.77@фонарь
8.33@13.33@@1.34@0.0@1.5161@0.0@Мордор@0.56@3.53@72.67@фонарь
8.44@13.24@32.0@1.38@0.0@1.5167@0.1@Мордор@0.56@3.57@72.7@фонарь
8.53@12.16@64.0@1.35@0.0@1.51643@0.0@Мордор@0.57@3.52@72.89@фонарь
8.38@13.14@29.0@1.76@0.0@1.51665@0.17@Гондор@0.6@3.45@72.48@фонарь
9.49@14.32@73.0@0.83@0.0@1.52127@0.0@Шир@0.0@3.9@71.5@фонарь
8.93@13.64@6.0@0.65@0.0@1.51779@0.0@Гондор@0.06@3.65@73.0@фонарь
@13.42@12.0@1.22@@1.5161@0.0@Рохан@0.59@3.4@72.69@фонарь
8.79@12.86@@1.31@0.0@1.51694@0.0@Мордор@0.61@3.58@72.61@фонарь
8.58@13.04@17.0@1.26@0.0@1.51646@@Шир@0.52@3.4@73.01@фонарь
8.65@@@1.28@0.0@@0.0@Гондор@0.52@3.39@72.64@фонарь
9.65@@68.0@0.58@@1.52121@0.0@Рохан@0.11@3.76@71.79@фонарь
8.79@@38.0@@0.0@1.51776@0.0@Мордор@0.58@3.41@72.04@фонарь
@13.5@58.0@1.63@0.0@1.51796@0.09@Шир@0.57@3.36@71.94@фонарь
8.99@13.33@28.0@1.54@0.0@1.51832@@Шир@0.56@3.34@72.14@фонарь
8.89@13.64@@0.75@0.15@1.51934@0.24@Мордор@0.16@3.54@72.65@фонарь
9.14@14.19@43.0@0.91@0.0@1.52211@0.37@Мордор@0.23@3.78@71.36@фонарь
5.87@14.01@98.0@@2.2@1.51514@0.0@Гондор@1.68@2.68@69.89@колба
10.09@@31.0@@0.0@1.51915@@Гондор@0.6@1.85@72.69@колба
11.41@11.56@11.0@1.56@0.0@1.52171@0.0@Мордор@0.47@1.88@72.86@колба
11.62@11.03@58.0@1.56@0.0@1.52151@0.0@Мордор@0.58@1.71@73.44@колба
11.53@12.64@29.0@1.65@@@0.0@Шир@0.38@0.0@73.75@колба
10.17@12.86@82.0@1.83@0.0@1.51666@0.0@Рохан@0.97@0.0@73.88@колба
11.32@13.27@@1.76@0.0@1.51994@0.0@Шир@0.47@0.0@73.03@колба
12.24@13.44@66.0@1.58@@1.52369@0.0@Шир@0.32@0.0@72.22@колба
6.96@@2.0@3.04@0.0@1.51316@0.0@Гондор@6.21@0.0@70.48@колба
6.93@13.0@14.0@@0.0@1.51321@0.0@Рохан@6.21@0.0@70.7@колба
12.5@13.38@@1.4@0.0@1.52043@@Шир@0.33@0.0@72.25@колба
9.7@@56.0@2.17@0.24@1.52058@@Шир@0.76@1.61@72.18@колба
11.27@12.97@52.0@1.51@0.0@1.52119@0.28@Мордор@0.13@0.33@73.39@колба
9.57@14.0@98.0@1.56@0.0@1.51905@0.0@Гондор@0.0@2.39@72.37@украшение
9.77@13.79@70.0@1.19@@1.51937@0.0@Мордор@0.0@2.41@72.76@украшение
9.26@14.46@81.0@1.62@0.0@1.51829@0.0@Гондор@0.0@2.24@72.38@украшение
@14.09@99.0@1.66@0.0@1.51852@0.0@Шир@0.0@2.19@72.67@украшение
7.59@14.4@9.0@1.54@0.0@1.51299@0.0@Шир@0.0@1.74@74.55@украшение
@14.99@94.0@1.74@0.0@@0.0@Шир@0.0@0.78@72.5@украшение
10.88@14.15@@2.09@0.0@@@Рохан@0.0@0.0@72.74@украшение
11.22@14.56@6.0@@0.0@@0.0@Шир@0.0@0.0@73.48@украшение
6.65@@87.0@0.34@0.0@1.51115@0.0@Гондор@0.0@0.0@75.41@украшение
5.43@13.69@@1.81@1.19@1.51131@@Гондор@1.76@3.2@72.81@витраж
5.79@14.32@27.0@2.22@1.63@1.51838@0.0@Шир@1.46@3.26@71.25@витраж
8.83@13.44@84.0@@0.0@1.52315@@Гондор@0.6@3.34@72.38@витраж
9.76@14.86@45.0@2.06@0.0@1.52247@0.0@Гондор@0.76@2.2@70.26@витраж
8.61@15.79@@1.31@1.68@1.52365@0.0@Шир@0.31@1.83@70.43@витраж
8.67@13.88@6.0@1.79@0.76@1.51613@0.0@Гондор@0.0@1.78@73.1@витраж
8.76@14.85@78.0@2.38@0.64@1.51602@@Рохан@0.0@0.0@73.28@витраж
9.04@14.2@62.0@2.79@0.4@1.51623@0.09@Рохан@0.04@0.0@73.46@витраж
8.53@14.75@34.0@2.0@1.59@1.51719@0.08@Рохан@0.0@0.0@73.02@витраж
8.52@14.56@86.0@1.98@@1.51683@@Гондор@0.0@0.0@73.29@витраж
9.07@14.14@67.0@2.68@0.61@1.51545@0.05@Гондор@0.08@0.0@73.39@витраж
9.41@13.87@21.0@2.54@0.81@1.51556@0.01@Шир@0.14@0.0@73.23@витраж
8.95@14.7@66.0@2.34@0.66@1.51727@0.0@Шир@0.0@0.0@73.28@витраж
@14.38@@@0.64@1.51531@0.0@Шир@0.04@0.0@73.1@витраж
8.83@15.01@63.0@2.51@0.53@1.51609@@Мордор@0.05@0.0@73.05@витраж
8.34@15.15@32.0@2.25@0.63@1.51508@0.0@Гондор@0.0@0.0@73.5@витраж
8.93@11.95@61.0@1.19@0.0@1.51653@0.0@Шир@2.7@0.0@75.18@витраж
8.39@14.85@60.0@2.42@0.56@@0.0@Рохан@0.0@0.0@73.72@витраж
8.28@@82.0@1.99@1.71@1.51658@0.0@Мордор@0.0@0.0@73.11@витраж
@14.95@82.0@2.27@0.67@1.51617@0.0@Гондор@0.0@0.0@73.3@витраж
8.61@14.95@96.0@1.8@1.55@@0.0@Мордор@0.0@0.0@72.99@витраж
8.67@14.94@2.0@1.87@1.38@1.51645@0.0@Шир@0.0@0.0@73.11@витраж
6.47@@33.0@1.82@2.88@1.51831@0.0@Гондор@1.41@0.0@72.86@витраж
9.45@14.37@80.0@2.74@0.54@@0.0@Шир@0.0@0.0@72.85@витраж
9.18@14.14@9.0@2.88@1.06@1.51623@0.0@Гондор@0.08@0.0@72.61@витраж
8.4@14.92@7.0@1.99@1.59@1.51685@0.0@Гондор@0.0@0.0@73.06@витраж
8.44@14.36@28.0@2.02@1.64@1.52065@@Шир@0.0@0.0@73.42@витраж
8.48@14.38@94.0@1.94@1.57@1.51651@0.0@Шир@0.0@0.0@73.61@витраж
8.62@14.23@70.0@2.08@1.67@1.51711@0.0@Рохан@0.0@0.0@73.36@витраж
