radiant_resonance;dire_resonance;arcane_mark;energy_charge;essence_composition;outer_energy_flow;inner_energy_flow;class
0.49;0.29;;0.5;0.56;0.24;0.35;inner_core
0.07;0.4;0.48;0.5;0.54;0.35;0.44;inner_core
0.56;0.4;0.48;0.5;0.49;0.37;0.46;inner_core
0.59;0.49;0.48;0.5;0.52;0.45;0.36;inner_core
;;0.48;0.5;0.55;0.25;0.35;inner_core
0.67;;0.48;0.5;0.36;0.38;0.46;inner_core
0.29;0.28;0.48;0.5;0.44;0.23;0.34;inner_core
;0.34;0.48;0.5;0.51;0.28;0.39;inner_core
0.2;0.44;0.48;0.5;0.46;0.51;0.57;inner_core
0.42;0.4;0.48;0.5;0.56;0.18;0.3;inner_core
;0.24;0.48;0.5;0.57;0.27;0.37;inner_core
0.25;0.48;0.48;0.5;0.44;0.17;0.29;inner_core
0.39;0.32;;;0.46;0.24;0.35;inner_core
0.51;0.5;0.48;0.5;0.46;0.32;0.35;inner_core
0.22;0.43;0.48;0.5;0.48;0.16;0.28;inner_core
0.25;0.4;0.48;0.5;0.46;0.44;0.52;inner_core
0.34;;0.48;0.5;0.38;0.24;0.35;inner_core
0.44;0.27;0.48;0.5;0.55;0.52;0.58;inner_core
0.23;;0.48;0.5;0.39;0.28;0.38;inner_core
0.41;0.57;0.48;0.5;0.39;0.21;0.32;inner_core
;0.45;;0.5;0.38;0.22;0.0;inner_core
0.31;0.23;0.48;;0.73;0.05;0.14;inner_core
0.51;0.54;0.48;0.5;0.41;0.34;0.43;inner_core
;0.16;0.48;0.5;0.56;0.11;0.23;inner_core
;0.39;0.48;0.5;0.48;0.22;0.23;inner_core
0.29;0.37;0.48;0.5;0.48;0.44;0.52;inner_core
0.25;0.4;0.48;0.5;0.47;0.33;0.42;inner_core
0.21;0.51;0.48;0.5;0.5;0.32;0.41;inner_core
;0.37;0.48;0.5;0.53;0.35;0.44;inner_core
0.43;;0.48;0.5;0.47;0.31;0.41;inner_core
0.53;0.38;0.48;0.5;0.44;0.26;0.36;inner_core
0.34;0.33;;0.5;0.38;0.35;0.44;inner_core
0.56;0.51;0.48;0.5;0.34;0.37;0.46;inner_core
0.4;0.29;0.48;0.5;0.42;0.35;0.44;inner_core
0.24;0.35;;0.5;0.31;0.19;0.31;inner_core
0.36;0.54;;;0.41;0.38;0.46;inner_core
0.29;;0.48;0.5;0.42;0.29;0.39;inner_core
;0.47;0.48;0.5;0.59;0.3;0.4;inner_core
0.32;0.42;0.48;0.5;0.35;0.28;0.38;inner_core
;;0.48;0.5;0.48;0.22;0.29;inner_core
0.33;0.45;0.48;0.5;0.52;0.32;0.41;inner_core
0.3;0.37;0.48;0.5;0.59;0.41;0.49;inner_core
0.4;0.5;0.48;0.5;0.45;0.39;0.47;inner_core
0.28;0.38;0.48;0.5;0.5;0.33;0.42;inner_core
;0.45;0.48;0.5;0.48;0.35;0.41;inner_core
0.17;0.38;0.48;0.5;0.45;0.42;0.5;inner_core
0.44;0.35;0.48;0.5;0.55;0.55;0.61;inner_core
0.43;0.4;0.48;0.5;0.39;0.28;0.39;inner_core
0.42;0.35;0.48;0.5;0.58;0.15;0.27;inner_core
0.23;0.33;0.48;0.5;0.43;0.33;0.43;inner_core
0.37;0.52;0.48;0.5;0.42;0.42;0.36;inner_core
0.29;0.3;0.48;;0.45;0.03;0.17;inner_core
;0.36;0.48;0.5;0.35;0.39;0.47;inner_core
0.23;0.58;0.48;0.5;0.37;0.53;0.59;inner_core
0.47;0.47;0.48;;0.22;0.16;0.26;inner_core
0.54;0.47;0.48;0.5;0.28;0.33;0.42;inner_core
0.51;0.37;0.48;0.5;0.35;0.36;0.45;inner_core
;0.35;0.48;0.5;0.45;0.33;0.42;inner_core
0.44;0.34;0.48;0.5;0.3;0.33;0.43;inner_core
;0.38;0.48;0.5;0.54;0.34;0.43;inner_core
0.44;0.56;0.48;0.5;0.5;0.46;0.54;inner_core
;;0.48;0.5;0.41;0.28;0.38;inner_core
;0.41;0.48;0.5;0.48;0.47;0.54;inner_core
0.18;0.3;0.48;0.5;0.46;0.24;0.35;inner_core
0.47;0.29;0.48;0.5;0.51;0.33;0.43;inner_core
0.24;0.43;0.48;0.5;0.54;0.52;0.59;inner_core
;;0.48;0.5;0.41;0.33;0.42;inner_core
0.52;0.57;0.48;0.5;0.42;0.47;0.54;inner_core
0.25;0.37;0.48;0.5;0.43;0.26;0.36;inner_core
0.35;;0.48;0.5;0.56;0.4;0.48;inner_core
0.26;0.26;0.48;0.5;0.34;0.25;0.35;inner_core
0.44;0.51;0.48;;0.47;0.26;0.36;inner_core
;0.5;0.48;0.5;0.42;0.36;0.45;inner_core
;0.42;0.48;0.5;0.42;0.25;0.2;inner_core
0.24;0.43;0.48;;0.37;0.28;0.38;inner_core
;0.3;0.48;0.5;0.48;0.26;0.36;inner_core
0.48;0.42;0.48;0.5;0.45;0.25;0.35;inner_core
0.41;0.48;0.48;0.5;0.51;0.44;0.51;inner_core
0.44;0.28;;;0.43;0.27;0.37;inner_core
;0.41;0.48;0.5;0.48;0.38;0.46;inner_core
0.34;0.28;0.48;0.5;0.41;0.35;0.44;inner_core
;0.43;0.48;0.5;0.45;0.31;0.41;inner_core
0.29;0.47;0.48;0.5;0.41;0.23;0.34;inner_core
0.34;;0.48;0.5;0.58;0.31;0.41;inner_core
0.36;0.56;0.48;;0.43;0.45;0.53;inner_core
0.4;0.46;0.48;0.5;0.52;0.49;0.56;inner_core
0.5;;0.48;0.5;0.49;0.46;0.53;inner_core
0.52;0.44;0.48;0.5;0.37;0.36;0.42;inner_core
0.5;0.51;0.48;0.5;0.27;0.23;0.34;inner_core
0.53;0.42;0.48;0.5;0.16;0.29;0.39;inner_core
;0.46;0.48;0.5;0.52;0.35;0.44;inner_core
0.4;0.42;0.48;0.5;0.37;0.27;0.27;inner_core
0.41;0.43;0.48;0.5;0.5;0.24;0.25;inner_core
;0.45;0.48;0.5;0.36;0.21;0.32;inner_core
0.31;;0.48;0.5;0.29;0.28;0.39;inner_core
0.64;0.76;0.48;0.5;0.45;0.35;0.38;inner_core
0.35;0.37;0.48;0.5;0.3;0.34;0.43;inner_core
0.57;0.54;0.48;0.5;0.37;0.28;0.33;inner_core
0.65;0.55;0.48;0.5;0.34;0.37;0.28;inner_core
0.51;;0.48;0.5;0.58;0.31;0.41;inner_core
0.38;0.4;0.48;0.5;0.63;0.25;0.35;inner_core
0.24;0.57;0.48;0.5;0.63;0.34;0.43;inner_core
;0.26;0.48;0.5;0.54;0.16;0.28;inner_core
;;0.48;0.5;0.53;0.18;0.29;inner_core
0.24;0.34;0.48;0.5;0.38;0.3;0.4;inner_core
;0.5;0.48;0.5;0.44;0.32;0.41;inner_core
;0.49;0.48;0.5;0.39;0.38;0.4;inner_core
0.43;0.32;0.48;0.5;0.33;0.45;0.52;inner_core
;0.43;0.48;0.5;0.49;0.3;0.4;inner_core
0.47;0.28;;0.5;0.56;0.2;0.25;inner_core
;0.33;0.48;0.5;0.6;0.06;0.2;inner_core
;0.35;0.48;0.5;0.51;0.49;0.56;inner_core
;;0.48;;0.46;0.3;0.27;inner_core
0.38;0.3;0.48;0.5;0.43;0.29;0.39;inner_core
;0.44;0.48;0.5;0.43;0.2;0.31;inner_core
0.41;0.51;0.48;0.5;0.58;0.2;0.31;inner_core
0.34;0.42;0.48;0.5;0.41;0.34;0.43;inner_core
0.51;0.49;0.48;0.5;0.53;0.14;0.26;inner_core
;0.51;0.48;0.5;0.37;0.42;0.5;inner_core
;0.28;0.48;0.5;0.5;0.42;0.5;inner_core
0.25;0.26;0.48;0.5;0.39;0.32;0.42;inner_core
0.24;0.41;0.48;0.5;0.49;0.23;0.34;inner_core
0.17;0.39;0.48;0.5;0.53;0.3;0.39;inner_core
0.04;0.31;0.48;0.5;0.41;0.29;0.39;inner_core
0.61;;0.48;0.5;0.49;0.35;0.44;inner_core
0.34;0.51;0.48;0.5;0.44;0.37;0.46;inner_core
0.28;0.33;0.48;0.5;0.45;0.22;0.33;inner_core
0.4;0.46;0.48;0.5;0.42;0.35;0.44;inner_core
0.23;0.34;0.48;0.5;0.43;0.26;0.37;inner_core
;0.44;0.48;0.5;0.42;0.39;0.47;inner_core
0.0;0.38;0.48;0.5;0.42;0.48;0.55;inner_core
0.39;0.31;0.48;0.5;0.38;0.34;0.43;inner_core
0.3;0.44;0.48;0.5;0.49;0.22;0.33;inner_core
0.27;0.3;0.48;0.5;0.71;0.28;0.39;inner_core
0.17;0.52;0.48;0.5;0.49;0.37;0.46;inner_core
0.36;0.42;0.48;0.5;0.53;0.32;0.41;inner_core
0.3;0.37;0.48;0.5;0.43;0.18;0.3;inner_core
0.26;0.4;0.48;0.5;0.36;0.26;0.37;inner_core
;0.41;;0.5;0.55;0.22;0.33;inner_core
0.22;0.34;0.48;0.5;0.42;0.29;0.39;inner_core
0.44;0.35;0.48;0.5;0.44;0.52;0.59;inner_core
0.27;;0.48;0.5;0.37;0.38;0.43;inner_core
0.16;0.43;0.48;0.5;0.54;0.27;0.37;inner_core
;0.61;0.48;0.5;0.49;0.92;0.37;inner_barrier
;;0.48;0.5;0.43;0.47;0.54;inner_barrier
0.63;0.47;;0.5;0.51;0.82;0.84;inner_barrier
0.23;0.48;0.48;0.5;0.59;0.88;0.89;inner_barrier
0.34;0.49;0.48;0.5;0.58;0.85;0.8;inner_barrier
0.43;;0.48;0.5;0.58;0.75;0.78;inner_barrier
0.46;0.61;;0.5;0.48;0.86;0.87;inner_barrier
0.27;;0.48;0.5;0.51;0.77;0.79;inner_barrier
0.52;0.39;0.48;0.5;0.65;0.71;0.73;inner_barrier
0.29;0.47;0.48;0.5;0.71;0.65;0.69;inner_barrier
0.55;0.47;0.48;0.5;0.57;0.78;0.8;inner_barrier
;0.67;0.48;0.5;0.74;0.58;0.63;inner_barrier
0.4;0.5;;0.5;0.65;0.82;0.84;inner_barrier
0.73;0.36;0.48;0.5;0.53;0.91;0.92;inner_barrier
0.84;0.44;0.48;0.5;0.48;0.71;0.74;inner_barrier
0.48;;0.48;0.5;0.6;0.78;0.8;inner_barrier
;;0.48;0.5;0.4;0.87;0.88;inner_barrier
0.48;0.41;0.48;0.5;0.51;0.9;0.88;inner_barrier
0.5;0.66;0.48;0.5;0.31;0.92;0.92;inner_barrier
0.72;0.46;0.48;0.5;0.51;0.66;0.7;inner_barrier
0.47;;0.48;0.5;0.58;0.71;0.75;inner_barrier
0.33;0.56;0.48;0.5;0.33;0.78;0.8;inner_barrier
0.64;0.58;0.48;0.5;0.48;0.78;0.73;inner_barrier
0.54;0.57;0.48;0.5;0.56;0.81;0.83;inner_barrier
0.47;0.59;0.48;0.5;0.52;0.76;0.79;inner_barrier
0.63;0.5;0.48;0.5;0.59;0.85;0.86;inner_barrier
;0.42;0.48;0.5;0.53;0.79;0.81;inner_barrier
0.31;0.5;0.48;0.5;0.57;0.84;0.85;inner_barrier
;0.44;0.48;0.5;0.55;0.88;0.89;inner_barrier
0.33;;0.48;0.5;0.45;0.88;0.89;inner_barrier
0.45;0.4;0.48;0.5;0.61;0.74;0.77;inner_barrier
0.71;;0.48;0.5;0.71;0.7;0.74;inner_barrier
0.5;0.37;0.48;0.5;0.66;0.64;0.69;inner_barrier
0.66;;0.48;0.5;0.59;0.66;0.66;inner_barrier
;0.61;0.48;;0.54;0.67;0.71;inner_barrier
0.83;0.37;0.48;0.5;0.61;0.71;0.74;inner_barrier
0.34;0.51;0.48;0.5;0.67;0.9;0.9;inner_barrier
;0.54;0.48;0.5;0.65;0.79;0.81;inner_barrier
0.7;0.4;0.48;0.5;0.56;0.86;0.83;inner_barrier
0.6;0.5;1.0;0.5;0.54;0.77;0.8;inner_barrier
0.16;0.51;0.48;0.5;0.33;0.39;0.48;inner_barrier
0.74;0.7;;0.5;0.66;0.65;0.69;inner_barrier
;0.46;0.48;0.5;0.57;0.78;0.81;inner_barrier
0.89;;;0.5;0.51;0.72;0.76;inner_barrier
0.7;0.46;0.48;0.5;0.56;0.78;0.73;inner_barrier
0.12;0.43;0.48;0.5;0.63;0.7;0.74;inner_barrier
0.61;0.52;0.48;0.5;0.54;0.67;0.52;inner_barrier
0.33;0.37;0.48;0.5;0.46;0.65;0.69;inner_barrier
;0.65;0.48;0.5;0.66;0.67;0.71;inner_barrier
;;0.48;0.5;0.53;0.75;0.78;inner_barrier
0.34;0.67;0.48;0.5;0.52;0.76;0.79;inner_barrier
0.58;;0.48;0.5;0.56;0.87;0.81;inner_barrier
0.59;0.56;0.48;0.5;0.55;0.8;0.82;inner_barrier
0.51;0.4;0.48;;0.57;0.62;0.67;inner_barrier
0.5;0.57;0.48;0.5;0.71;0.61;0.66;inner_barrier
;0.46;0.48;0.5;0.45;0.81;0.83;inner_barrier
0.37;0.47;0.48;0.5;0.39;0.76;0.79;inner_barrier
0.58;0.55;0.48;0.5;0.57;0.7;0.74;inner_barrier
0.36;0.47;0.48;0.5;0.51;0.69;0.72;inner_barrier
;0.41;0.48;0.5;0.52;0.72;0.75;inner_barrier
0.35;;0.48;0.5;0.61;0.71;0.74;inner_barrier
0.31;0.44;0.48;0.5;0.5;0.79;0.82;inner_barrier
;0.66;0.48;0.5;0.46;0.87;0.88;inner_barrier
0.48;0.49;0.48;0.5;0.52;0.77;0.71;inner_barrier
0.11;;0.48;0.5;0.58;0.72;0.68;inner_barrier
0.31;0.36;0.48;0.5;0.58;0.94;0.94;inner_barrier
;0.51;0.48;0.5;0.71;0.75;0.78;inner_barrier
0.69;0.39;0.48;0.5;0.57;0.76;0.79;inner_barrier
;0.54;0.48;0.5;0.62;0.76;0.79;inner_barrier
0.46;0.59;0.48;0.5;0.36;0.76;0.23;inner_barrier
0.36;0.45;;0.5;0.38;0.79;0.17;inner_barrier
0.0;0.51;0.48;;0.35;0.67;0.44;inner_barrier
0.1;;0.48;0.5;0.41;0.67;0.21;inner_barrier
;0.51;0.48;0.5;0.42;0.61;0.34;inner_barrier
;0.47;0.48;0.5;0.0;0.8;0.32;inner_barrier
0.63;0.75;0.48;0.5;0.64;0.73;0.66;inner_barrier
;0.52;0.48;;0.64;1.0;0.99;inner_barrier
0.85;0.53;;0.5;0.53;0.52;0.35;penetration_layer
0.63;0.49;0.48;0.5;0.54;0.76;0.79;penetration_layer
0.75;0.55;1.0;1.0;0.4;0.47;0.3;inner_crust
0.7;0.39;1.0;0.5;0.51;0.82;0.84;inner_crust
;;;0.5;0.65;0.77;0.79;deep_barrier
0.79;0.41;0.48;0.5;0.66;0.81;0.83;deep_barrier
;0.48;0.48;0.5;0.65;0.76;0.79;deep_barrier
0.69;0.43;0.48;0.5;0.59;0.74;0.77;deep_barrier
0.79;0.36;0.48;0.5;0.46;0.82;0.7;deep_barrier
0.78;;0.48;0.5;0.57;0.77;0.79;deep_barrier
0.75;0.37;0.48;0.5;0.64;0.7;0.74;deep_barrier
;0.29;;0.5;0.64;0.75;0.77;deep_barrier
0.67;0.37;0.48;0.5;0.54;0.64;0.68;deep_barrier
;0.48;0.48;0.5;0.54;0.7;0.74;deep_barrier
0.64;0.46;0.48;0.5;0.48;0.73;0.76;deep_barrier
0.76;0.71;0.48;0.5;0.5;0.71;0.75;deep_barrier
;0.49;0.48;0.5;0.55;0.78;0.74;deep_barrier
0.77;0.55;0.48;0.5;0.51;0.78;0.74;deep_barrier
0.81;0.44;0.48;0.5;0.42;0.67;0.68;deep_barrier
0.58;0.6;0.48;0.5;0.59;0.73;0.76;deep_barrier
0.63;;0.48;0.5;0.48;0.77;0.8;deep_barrier
0.62;0.42;0.48;0.5;0.58;0.79;0.81;deep_barrier
;0.39;0.48;0.5;0.59;0.89;0.9;deep_barrier
;;0.48;0.5;0.57;0.87;0.88;deep_barrier
;0.49;0.48;0.5;0.61;0.76;0.79;deep_barrier
0.47;0.46;;0.5;0.62;0.74;0.77;deep_barrier
0.76;0.41;0.48;0.5;0.5;0.59;0.62;deep_barrier
0.7;0.53;0.48;0.5;0.7;0.86;0.87;deep_barrier
0.64;0.45;0.48;0.5;0.67;0.61;0.66;deep_barrier
0.81;0.52;0.48;0.5;0.57;0.78;0.8;deep_barrier
0.73;0.26;0.48;0.5;0.57;0.75;0.78;deep_barrier
;0.61;1.0;0.5;0.56;0.71;0.74;deep_barrier
0.88;0.42;0.48;0.5;0.52;0.73;0.75;deep_barrier
0.84;0.54;0.48;0.5;0.75;0.92;0.7;deep_barrier
;0.51;0.48;0.5;0.64;0.72;0.76;deep_barrier
0.86;0.55;0.48;0.5;0.63;0.81;0.83;deep_barrier
0.79;0.54;0.48;0.5;0.5;0.66;0.68;deep_barrier
0.57;0.38;0.48;0.5;0.06;0.49;0.33;deep_barrier
0.78;0.44;0.48;0.5;0.45;0.73;0.68;deep_barrier
0.78;0.68;0.48;0.5;0.83;0.4;0.29;outer_layer
0.63;0.69;0.48;0.5;0.65;0.41;0.28;outer_layer
0.67;0.88;0.48;0.5;0.73;0.5;0.25;outer_layer
0.61;0.75;0.48;0.5;0.51;0.33;0.33;outer_layer
0.67;0.84;0.48;;0.74;0.54;0.37;outer_layer
0.74;0.9;0.48;0.5;0.57;0.53;0.29;outer_layer
;0.84;0.48;0.5;0.86;0.58;0.29;outer_layer
;0.76;0.48;0.5;0.83;0.57;0.3;outer_layer
;0.57;0.48;0.5;0.88;0.53;0.2;outer_layer
0.74;;0.48;0.5;0.75;0.54;0.15;outer_layer
;;0.48;0.5;0.84;0.45;0.27;outer_layer
0.56;0.68;0.48;0.5;0.77;0.36;0.45;outer_layer
0.65;0.51;0.48;0.5;0.66;0.54;0.33;outer_layer
0.52;0.81;0.48;0.5;0.72;0.38;0.38;outer_layer
0.64;0.57;0.48;0.5;0.7;0.33;0.26;outer_layer
0.6;0.76;1.0;;0.77;0.59;0.52;outer_layer
0.69;0.59;0.48;0.5;0.77;0.39;0.21;outer_layer
0.63;;0.48;0.5;0.79;0.45;0.28;outer_layer
0.71;0.71;0.48;0.5;0.68;0.43;0.36;outer_layer
0.68;0.63;0.48;0.5;0.73;0.4;0.3;outer_layer
0.77;0.57;;;0.37;0.54;0.01;outer_crust
0.66;0.49;1.0;0.5;0.54;0.56;0.36;outer_crust
0.71;0.46;1.0;0.5;0.52;0.59;0.3;outer_crust
0.67;0.55;1.0;0.5;0.66;0.58;0.16;outer_crust
0.68;;1.0;0.5;0.62;0.55;0.28;outer_crust
0.74;0.49;0.48;0.5;0.42;0.54;0.36;inner_layer
0.7;0.61;0.48;0.5;0.56;0.52;0.43;inner_layer
0.66;0.86;0.48;0.5;0.34;0.41;0.36;inner_layer
;;0.48;0.5;0.58;0.51;0.31;inner_layer
0.65;0.57;0.48;0.5;0.47;0.47;0.51;inner_layer
0.72;0.86;0.48;0.5;0.17;0.55;0.21;inner_layer
;0.7;0.48;0.5;0.46;0.45;0.33;inner_layer
0.67;0.81;0.48;0.5;0.54;0.49;0.23;inner_layer
0.67;0.61;0.48;0.5;0.51;0.37;0.38;inner_layer
;1.0;0.48;0.5;0.35;0.51;0.49;inner_layer
;0.59;0.48;0.5;0.39;0.47;0.33;inner_layer
;0.71;0.48;0.5;0.4;0.54;0.39;inner_layer
;0.74;0.48;0.5;0.31;0.38;0.43;inner_layer
;0.81;0.48;0.5;0.25;0.42;0.25;inner_layer
;0.72;0.48;0.5;0.49;0.42;0.19;inner_layer
;0.82;0.48;0.5;0.38;0.65;0.56;inner_layer
0.32;;;0.5;0.53;0.28;0.38;inner_layer
;0.64;0.48;;0.47;0.51;0.47;inner_layer
0.63;0.57;0.48;0.5;0.49;0.7;0.2;inner_layer
0.74;0.82;0.48;0.5;0.49;0.49;0.41;inner_layer
0.63;0.86;0.48;0.5;0.39;0.47;0.34;inner_layer
0.63;0.83;;;0.4;0.39;0.19;inner_layer
0.63;0.71;0.48;0.5;0.6;0.4;0.39;inner_layer
0.71;0.86;0.48;0.5;0.4;0.54;0.32;inner_layer
;0.78;0.48;0.5;0.43;0.44;0.42;inner_layer
;0.84;0.48;0.5;0.37;0.45;0.4;inner_layer
0.74;0.47;0.48;0.5;0.5;0.57;0.42;inner_layer
0.75;0.84;;0.5;0.35;0.52;0.33;inner_layer
0.63;;0.48;0.5;0.39;0.44;0.35;inner_layer
0.69;0.67;0.48;0.5;0.3;0.39;0.24;inner_layer
0.7;0.71;0.48;0.5;0.42;0.84;0.85;inner_layer
0.69;0.8;0.48;0.5;0.46;0.57;0.26;inner_layer
0.64;0.66;0.48;0.5;0.41;0.39;0.2;inner_layer
;0.8;0.48;0.5;0.46;0.31;0.29;inner_layer
0.66;0.71;0.48;;0.41;0.5;0.35;inner_layer
0.69;;0.48;0.5;0.46;0.44;0.52;inner_layer
0.68;0.67;0.48;0.5;0.49;0.4;0.34;inner_layer
;0.78;0.48;0.5;0.5;0.36;0.38;inner_layer
0.62;0.78;0.48;0.5;0.47;0.49;0.54;inner_layer
0.76;0.73;0.48;0.5;0.44;0.39;0.39;inner_layer
;0.81;0.48;0.5;0.37;0.39;0.44;inner_layer
;0.39;0.48;0.5;0.52;0.4;0.48;inner_layer
0.62;0.83;0.48;0.5;0.46;0.36;0.4;inner_layer
0.56;0.54;0.48;0.5;0.43;0.37;0.3;inner_layer
;0.66;0.48;0.5;0.41;0.5;0.25;inner_layer
0.69;0.65;0.48;0.5;0.63;0.48;0.41;inner_layer
;;0.48;0.5;0.52;0.49;0.56;inner_layer
0.74;0.56;0.48;0.5;0.47;0.68;0.3;inner_layer
;;;0.5;0.48;0.35;0.32;inner_layer
0.61;0.6;0.48;0.5;0.44;0.39;0.38;inner_layer
0.59;0.61;0.48;0.5;0.42;0.42;0.37;inner_layer
0.74;0.74;0.48;0.5;0.31;0.53;0.52;inner_layer
